,tower,lat,lon,orbit,scene,tile,time_UTC,date_UTC,time_solar,BESSinst,ESI,ESIdaily,ESIdailyUncertainty,ETdaily,ETdailyUncertainty,ETinstUncertainty,EmisWB,GPP,LST,LST_err,MOD16inst,NDVI-UQ,PET,PTJPLSMcanopy,PTJPLSMinst,PTJPLSMinterception,PTJPLSMsoil,RH,Rg,Rn,SM,STICcanopy,STICinst,Ta,WUE,albedo-UQ,height,radiance_1,radiance_2,radiance_3,radiance_4,radiance_5,view_zenith,year,Ta_C,ST_K,NDVI,albedo,ST_C
1145,US-Ha2,42.5393,-72.1779,9254,9,18TYN,2/22/20 16:51,2/22/20,02:25.3,112.87177,0.99999994,,,0.9437895,,93.748764,0.972,6.4226155,274.04,0.64,313.85596,,123.32103,0,123.32102,0.8497281,0.15027189,1,413.74875,314.12592,0.2840934,0,71.09868,-2.5125194,0,,344.78705,,5.415923,,6.1273494,5.9044566,6.19539,2020,-2.5125194,274.04,0.7163455,0.027716992,0.89
1175,US-Ha2,42.5393,-72.1779,10150,9,18TYN,4/20/20 11:54,4/20/20,05:59.3,0,0,1,0.00252,0.005,0.025199998,0,0.94,5.264951,308.54,0.84,0,,0,0,0,0,0,0.6304005,181.66818,0,0.28666002,0,0,4.8228507,0,,343.32736,,10.12103,,9.864844,9.096849,28.344906,2020,4.8228507,308.54,0.7082878,0.0364383,35.39
1181,US-Ha2,42.5393,-72.1779,10352,9,18TYN,5/3/20 12:53,5/3/20,05:03.3,40.53043,0.9292676,,,0.71864605,,9.856022,0.966,6.9670157,286.32,1.48,61.88599,,39.366978,0.43428555,36.44086,0.40901783,0.14989524,0.8149739,148.45378,61.981674,0.276035,0.38111606,46.453644,11.62933,0,,344.5768,,6.7777114,,7.4581895,6.885617,1.1620464,2020,11.62933,286.32,0.73797673,0.07705091,13.17
1189,US-Ha2,42.5393,-72.1779,10684,7,18TYN,5/24/20 22:33,5/24/20,45:06.3,,,,,,,,0.978,,288.76,1.4,,,,,,,,,,,,,,,,,343.73755,,7.2399426,,7.8334427,7.2160645,2.5339785,2020,,288.76,0.814637,0.08179149,15.61
1201,US-Ha2,42.5393,-72.1779,11069,8,18TYN,6/18/20 18:47,6/18/20,59:08.3,300.98196,0.79822886,1,0.006,5.2757643,0.06,107.855194,0.974,35.481125,301.18,2,570.12616,,492.40936,0.87300617,392.2633,0.11888072,0.007476151,0.5566634,728.1823,571.15875,0.1465698,0.8101111,309.87787,26.243547,0,,342.3835,,8.72701,,9.1975565,8.165065,19.196161,2020,26.243547,301.18,0.90029097,0.115091234,28.03
1203,US-Ha2,42.5393,-72.1779,11084,9,18TYN,6/19/20 18:00,6/19/20,11:19.3,365.27325,0.81606174,1,0.00528,2.431294,0.0528,235.27469,0.948,38.60171,297.76,1.76,659.4489,,571.0416,0.8796811,466.10544,0.10843119,0.011887695,0.54709166,798.3768,660.68384,0.18505152,0,3.7182782,26.553339,0,,341.69525,,8.434319,,8.843798,7.838355,19.875446,2020,26.553339,297.76,0.90262717,0.12387139,24.61
1205,US-Ha2,42.5393,-72.1779,11111,7,18TYN,6/21/20 11:31,6/21/20,42:58.3,138.62682,0.9154473,1,0.00588,5.13012635,0.0588,16.326181,0.968,16.931982,294.22,1.96,156.84442,,124.36382,0.35426044,114.34515,0.6320001,0.011935064,0.87469935,248.2745,157.00851,0.19521125,0.15400438,145.43298,19.946375,0,,344.604,,7.863628,,8.406895,7.7006407,15.823526,2020,19.946375,294.22,0.9041179,0.13302732,21.07
1207,US-Ha2,42.5393,-72.1779,11130,8,18TYN,6/22/20 17:13,6/22/20,24:27.3,12.111602,0.8234355,1,0.00756,6.23573825,0.0756,234.34837,0.946,3.9012663,305.66,2.52,652.9692,,571.39923,0.8343489,470.09558,0.14022923,0.023921145,0.587686,771.492,654.3392,0.18328612,0.57633615,336.7129,27.537062,0,,344.2863,,8.756077,,9.173039,8.056535,17.22896,2020,27.537062,305.66,0.88128084,0.052665044,32.51
1209,US-Ha2,42.5393,-72.1779,11145,9,18TYN,6/23/20 16:25,6/23/20,36:26.3,107.70536,0.821223,1,0.00636,5.14191615,0.063599996,285.60895,0.942,10.844273,297.84,2.12,715.09717,,631.38635,0.8558444,516.838,0.1264963,0.017554061,0.569815,802.90924,716.419,0.18793055,0.6149009,19.285522,27.807955,0,,343.54108,,8.359377,,8.883454,7.732497,21.534407,2020,27.807955,297.84,0.89397,0.07113754,24.69
1211,US-Ha2,42.5393,-72.1779,11172,9,18TYN,6/25/20 09:57,6/25/20,08:19.3,,,,,,,,0.958,,283.26,1.56,,,,,,,,,,,,,,,,,344.43027,,6.6690335,,7.28428,6.740984,17.824997,2020,,283.26,0.9051902,0.10961254,10.11
1216,US-Ha2,42.5393,-72.1779,11313,8,18TYN,7/4/20 12:28,7/4/20,40:06.3,236.96555,0.88214296,1,0.00516,3.7621635,0.051599998,48.970062,0.962,19.33725,290.66,1.72,325.24744,,249.06741,0.5570273,219.71307,0.41099745,0.029636104,0.78104734,431.70758,325.73227,0.21438378,0.11800835,317.2344,18.707645,0,,345.04053,,7.517952,,8.071396,7.339207,11.231974,2020,18.707645,290.66,0.88104045,0.12842523,17.51
1227,US-Ha2,42.5393,-72.1779,11645,7,18TYN,7/25/20 22:08,7/25/20,19:28.3,144.50807,0.81439555,1,0.00492,5.9054467,0.0492,28.03661,0.966,15.199834,297.34,1.64,165.6629,,143.2915,0.8529302,116.69596,0.13823767,0.010313977,0.5812217,245.95763,165.79764,0.17234899,0.9023444,91.346664,26.107592,0,,343.54968,,8.45647,,8.966947,8.02363,7.5987687,2020,26.107592,297.34,0.9024982,0.13480766,24.19
1228,US-Ha2,42.5393,-72.1779,11645,7,18TYN,7/25/20 22:08,7/25/20,19:28.3,144.50807,0.81439555,1,0.00492,5.9054467,0.0492,28.03661,0.966,15.199834,297.34,1.64,165.6629,,143.2915,0.8529302,116.69596,0.13823767,0.010313977,0.5812217,245.95763,165.79764,0.17234899,0.9023444,91.346664,26.107592,0,,343.54968,,8.45647,,8.966947,8.02363,7.5987687,2020,26.107592,297.34,0.9024982,0.13480766,24.19
1234,US-Ha2,42.5393,-72.1779,11706,7,18TYN,7/29/20 20:33,7/29/20,44:37.3,21.763159,0.7901458,1,0.00636,3.84130205,0.063599996,114.17287,0.964,2.7176647,300.18,2.12,333.08273,,294.00842,0.88866913,232.72806,0.10666265,0.00445547,0.5400661,441.8817,333.59293,0.13617004,0.8463802,227.00558,27.96613,0,,344.74384,,8.599213,,9.070973,7.9363494,5.523331,2020,27.96613,300.18,0.9033745,0.13086593,27.03
1245,US-Ha2,42.5393,-72.1779,11862,11,18TYN,8/8/20 22:21,8/8/20,32:21.3,,,,,,,,0.966,,296.1,1.92,,,,,,,,,,,,,,,,,344.84042,,8.163058,,8.680453,7.7689753,1.2882493,2020,,296.1,0.93332154,0.11703958,22.95
1255,US-Ha2,42.5393,-72.1779,11889,9,18TYN,8/10/20 15:53,8/10/20,04:26.3,105.912796,0.80285054,1,0.00624,6.00117225,0.062399995,194.45526,0.926,9.147849,292.78,2.08,646.64105,,568.1375,0.8412701,454.99124,0.15859672,0,0.5968108,731.5279,647.64734,0.1458395,0,402.11765,26.975048,0,,344.49683,,7.738635,,8.386946,7.389204,4.805344,2020,26.975048,292.78,0.93164396,0.11922149,19.63
1264,US-Ha2,42.5393,-72.1779,12045,8,18TYN,8/20/20 17:39,8/20/20,51:07.3,294.6671,0.80120033,1,0.00408,4.2659791,0.040799998,199.98715,0.97,30.083788,292,1.36,565.0575,,459.1623,0.9340877,367.53885,0.0586682,0.006028839,0.46708077,736.5718,565.97754,0.15968221,0,8.159693,21.867529,0,,344.65482,,7.6579275,,8.258035,7.487427,2.2289126,2020,21.867529,292,0.90833116,0.1508014,18.85
1271,US-Ha2,42.5393,-72.1779,12167,9,18TYN,8/28/20 14:32,8/28/20,44:13.3,295.30405,0.7853454,1,0.0042,4.08159625,0.042,79.133095,0.954,25.186275,291.24,1.4,476.4203,,383.43073,0.81268513,302.2213,0.17937942,0.008522591,0.6157341,616.1047,477.12103,0.12904672,0.6634466,314.4463,21.726105,0,,342.65668,,7.5619507,,8.176126,7.3050246,3.6893504,2020,21.726105,291.24,0.8907377,0.16688636,18.09
1278,US-Ha2,42.5393,-72.1779,12743,9,18TYN,10/4/20 18:08,10/4/20,20:00.3,124.33132,0.770077,,,1.5604949,,115.33945,0.938,15.32677,284.64,1.28,380.35138,,279.4115,0.9538061,215.13716,0.034458645,0.011794937,0.40982836,441.51483,381.0233,0.12254296,0.6530081,82.33028,17.141027,0,,344.83676,,6.6238923,,7.260374,6.272776,9.413753,2020,17.141027,284.64,0.83036953,0.032843072,11.49
1280,US-Ha2,42.5393,-72.1779,12758,8,18TYN,10/5/20 17:21,10/5/20,32:51.3,222.56302,0.78186953,1,0.0042,3.3169721,0.042,109.390594,0.966,17.556622,288.4,1.4,518.0882,,387.86874,0.92213583,303.35175,0.049222004,0.026832396,0.4513983,600.37415,519.1167,0.13783805,0.8223837,383.82672,18.44303,0,,345.7596,,7.0810695,,7.705423,6.951297,28.585787,2020,18.44303,288.4,0.81862456,0.03284198,15.25
1282,US-Ha2,42.5393,-72.1779,12804,9,18TYN,10/8/20 16:35,10/8/20,47:01.3,133.37726,0.7482561,1,0.00252,3.3159287,0.025199998,134.81564,0.978,13.71339,284.42,0.84,492.44537,,340.21274,0.97360355,254.56625,0.024214257,0.002182185,0.37488574,622.2808,493.41302,0.101332396,0.84003353,375.64566,14.619561,0,,343.6724,,6.745552,,7.360841,6.878972,10.191639,2020,14.619561,284.42,0.7968255,0.08952055,11.27
1284,US-Ha2,42.5393,-72.1779,12819,7,18TYN,10/9/20 15:48,10/9/20,59:35.3,129.38638,0.7688677,,,2.1552985,,118.74164,0.97,14.935748,284.54,1,455.3086,,296.22137,0.9640245,226.31848,0.029999595,0.005975936,0.3949692,585.8916,456.1176,0.11657277,0.7654815,272.37784,11.517312,0,,344.81958,,6.6196666,,7.2974296,6.8732085,28.575914,2020,11.517312,284.54,0.8425282,0.07297123,11.39
1286,US-Ha2,42.5393,-72.1779,12838,9,18TYN,10/10/20 21:29,10/10/20,41:12.3,,,,,,,,0.972,,291.46,1.6,,,,,,,,,,,,,,,,,343.22705,,7.632049,,8.219862,7.489494,3.940314,2020,,291.46,0.80582994,0.08379275,18.31
1297,US-Ha2,42.5393,-72.1779,13021,9,18TYN,10/22/20 16:47,10/22/20,58:45.3,206.83214,0.80586666,,,1.7121899,,68.4537,0.962,15.216166,292.48,1.8,363.00983,,278.30136,0.8105186,223.98094,0.10322705,0.08624304,0.55625564,478.747,363.82547,0.15760261,0.81328386,195.25851,21.242327,0,,343.37445,,7.6242228,,8.177638,7.314168,3.481112,2020,21.242327,292.48,0.73806614,0.12304779,19.33
1304,US-Ha2,42.5393,-72.1779,13597,9,18TYN,11/28/20 20:15,11/28/20,26:19.3,,,,,,,,0.972,,277.18,0.92,,,,,,,,,,,,,,,,,341.8414,,5.798264,,6.487722,6.1133413,2.2598126,2020,,277.18,0.6778266,0.10673353,4.03
1375,US-Ha2,42.5393,-72.1779,15428,9,18TYN,3/26/21 21:36,3/26/21,48:02.3,,,,,,,,0.912,,274.24,1.44,,,,,,,,,,,,,,,,,344.23242,,5.6351147,,6.410901,5.7916393,4.809436,2021,,274.24,0.72942895,0.087301224,1.09
1377,US-Ha2,42.5393,-72.1779,15489,10,18TYN,3/30/21 20:03,3/30/21,15:15.3,99.47554,0.8945187,,,2.204261,,89.6694,0.974,8.514742,286,0.72,335.90305,,204.97754,0.72267634,183.34045,0.04077093,0.23607117,0.4644537,481.85596,336.78503,0.21981312,0.8037859,139.12468,11.371545,0,,344.16684,,6.9376698,,7.5564833,7.0246515,5.7500772,2021,11.371545,286,0.64847386,0.10808246,12.85
1379,US-Ha2,42.5393,-72.1779,15550,9,18TYN,4/3/21 18:31,4/3/21,42:32.3,111.82093,0.8872864,1,0.0018,2.78270995,0.018000001,154.81425,0.968,8.175176,281.44,0.6,523.811,,266.38544,0.7394676,237.17616,0.015481059,0.2451395,0.36345565,706.74146,525.504,0.23026036,0.74878114,202.25725,4.775162,0,,342.68826,,6.29755,,6.9776816,6.583826,6.736445,2021,4.775162,281.44,0.64174014,0.1077068,8.29
1411,US-Ha2,42.5393,-72.1779,15871,5,18TYN,4/24/21 10:01,4/24/21,12:32.3,,,,,,,,0.938,,308.5,1,,,,,,,,,,,,,,,,,343.64777,,9.183499,,10.293876,9.104933,25.10857,2021,,308.5,0.5951485,0.099524975,35.35
1414,US-Ha2,42.5393,-72.1779,15905,12,18TYN,4/26/21 14:56,4/26/21,07:19.3,145.10695,0.79090333,,,2.145907,,214.00035,0.97,7.0959096,281.48,0.8,582.24554,,297.95514,0.7715071,236.09113,0.03632458,0.19239241,0.4415799,761.7851,584.4742,0.17006725,0,1.2966785,5.355816,0,,343.80392,,6.236531,,6.9553795,6.5256824,27.561142,2021,5.355816,281.48,0.6139189,0.102815636,8.33
1434,US-Ha2,42.5393,-72.1779,16469,10,18TYN,6/1/21 19:20,6/1/21,31:29.3,231.7239,0.83673793,1,0.00432,3.57853755,0.0432,66.65657,0.964,24.695623,290.72,1.44,402.87784,,317.05792,0.8743914,262.77563,0.06300529,0.06260334,0.4915863,513.60254,407.1352,0.21408345,0.8259012,278.9557,20.428516,0,,345.0221,,7.437059,,8.033682,7.182684,20.92649,2021,20.428516,290.72,0.84191245,0.09335594,17.57
1435,US-Ha2,42.5393,-72.1779,16469,10,18TYN,6/1/21 19:20,6/1/21,31:29.3,231.7239,0.83673793,1,0.00432,3.57853755,0.0432,66.65657,0.964,24.695623,290.72,1.44,402.87784,,317.05792,0.8743914,262.77563,0.06300529,0.06260334,0.4915863,513.60254,407.1352,0.21408345,0.8259012,278.9557,20.428516,0,,345.0221,,7.437059,,8.033682,7.182684,20.92649,2021,20.428516,290.72,0.84191245,0.09335594,17.57
1443,US-Ha2,42.5393,-72.1779,16545,9,18TYN,6/6/21 17:00,6/6/21,11:32.3,320.03006,0.83992064,1,0.006,5.34121285,0.06,143.7895,0.972,32.907112,304.24,2,656.4828,,570.99945,0.8347138,479.59424,0.11610399,0.049182195,0.5647441,812.47424,657.8647,0.23271056,0.4131186,269.84036,27.764936,0,,342.8709,,9.080948,,9.524363,8.392868,16.72441,2021,27.764936,304.24,0.8580071,0.09422539,31.09
1445,US-Ha2,42.5393,-72.1779,16564,9,18TYN,6/7/21 22:42,6/7/21,53:33.3,,,,,,,,0.893,,287.06,2.64,,,,,,,,,,,,,,,,,342.05493,,7.368118,,7.790449,6.9042225,18.492247,2021,,287.06,0.8722802,0.09422249,13.91
1455,US-Ha2,42.5393,-72.1779,16729,10,18TYN,6/18/21 12:21,6/18/21,32:55.3,171.71695,0.83814466,1,0.00372,5.4571065,0.0372,104.01232,0.976,15.658676,288.86,1.24,295.28586,,215.24089,0.82049435,179.12453,0.11966765,0.059837993,0.57009715,409.61594,295.7751,0.19688156,0,1.7545791,16.541555,0,,344.85944,,7.2808867,,7.88381,7.2889686,14.134657,2021,16.541555,288.86,0.8347391,0.09730142,15.71
1461,US-Ha2,42.5393,-72.1779,16824,11,18TYN,6/24/21 15:42,6/24/21,53:55.3,276.1175,0.8358191,1,0.003,5.206722,0.03,142.85706,0.974,28.49868,294.5,1,667.1291,,523.6712,0.877596,437.74207,0.0516701,0.07049818,0.46389413,833.5452,668.51025,0.20039469,0.79203314,512.1083,21.06832,0,,346.30667,,8.115538,,8.627883,7.8627644,17.482677,2021,21.06832,294.5,0.826679,0.099020615,21.35
1463,US-Ha2,42.5393,-72.1779,16836,8,18TYN,6/25/21 10:03,6/25/21,14:35.3,,,,,,,,0.946,,282,2,,,,,,,,,,,,,,,,,343.1534,,6.5572696,,7.251596,6.742607,25.072527,2021,,282,0.82786006,0.11997324,8.85
1465,US-Ha2,42.5393,-72.1779,16870,11,18TYN,6/27/21 14:58,6/27/21,09:49.3,338.45935,0.8477266,1,0.00612,3.41383645,0.061199997,66.148796,0.954,23.963116,288.64,2.04,361.29602,,301.35693,0.625607,255.64781,0.32511875,0.048942883,0.73614717,413.48514,361.88568,0.16724594,0.22564907,197.298,25.030497,0,,344.88718,,7.3719077,,8.030942,7.3464017,23.336432,2021,25.030497,288.64,0.83122486,0.14655812,15.49
1467,US-Ha2,42.5393,-72.1779,16885,11,18TYN,6/28/21 14:11,6/28/21,22:38.3,364.77725,0.80938405,1,0.0066,3.9016083,0.066,70.66886,0.95,29.456871,298.28,2.2,535.296,,465.77475,0.7687734,376.87656,0.2029828,0.028300166,0.6440087,659.74805,536.2877,0.15046313,0.88181436,377.0066,27.85313,0,,343.40704,,8.512752,,8.964722,7.8996706,15.568892,2021,27.85313,298.28,0.85231,0.14748809,25.13
1479,US-Ha2,42.5393,-72.1779,17339,11,18TYN,7/27/21 20:58,7/27/21,09:31.3,113.15684,0.8504602,1,0.00612,5.26676875,0.061199997,90.163086,0.96,10.284275,295.24,2.04,337.41086,,285.44724,0.79471743,242.9521,0.13796654,0.06731602,0.59396076,387.01553,337.952,0.21582265,0.9403318,135.96538,26.010445,0,,343.76828,,7.9990993,,8.547003,7.5807047,4.18631,2021,26.010445,295.24,0.8349962,0.04440145,22.09
1480,US-Ha2,42.5393,-72.1779,17339,11,18TYN,7/27/21 20:58,7/27/21,09:31.3,113.15684,0.8504602,1,0.00612,5.26676875,0.061199997,90.163086,0.96,10.284275,295.24,2.04,337.41086,,285.44724,0.79471743,242.9521,0.13796654,0.06731602,0.59396076,387.01553,337.952,0.21582265,0.9403318,135.96538,26.010445,0,,343.76828,,7.9990993,,8.547003,7.5807047,4.18631,2021,26.010445,295.24,0.8349962,0.04440145,22.09
1510,US-Ha2,42.5393,-72.1779,17818,12,18TYN,8/27/21 14:20,8/27/21,31:29.3,312.8788,0.8600064,1,0.00672,4.826832,0.0672,65.85152,0.956,25.654137,300.14,2.24,484.23282,,420.72116,0.73917127,358.12482,0.18612874,0.06796736,0.643982,569.6624,485.0815,0.211868,0.78286,335.1565,27.630795,0,,343.5546,,8.639777,,9.073662,7.9901443,24.943956,2021,27.630795,300.14,0.83330095,0.07285052,26.99
1512,US-Ha2,42.5393,-72.1779,17926,13,18TYN,9/3/21 12:05,9/3/21,16:34.3,,,,,,,,0.976,,283.86,1.4,,,,,,,,,,,,,,,,,345.24237,,6.6351304,,7.259437,6.771924,18.779875,2021,,283.86,0.6579005,0.11548694,10.71
1514,US-Ha2,42.5393,-72.1779,17941,13,18TYN,9/4/21 11:18,9/4/21,29:31.3,,,,,,,,0.966,,283.2,1.28,,,,,,,,,,,,,,,,,344.77148,,6.6053696,,7.2807245,6.823559,19.577385,2021,,283.2,0.65782624,0.11537339,10.05
1516,US-Ha2,42.5393,-72.1779,17987,13,18TYN,9/7/21 10:33,9/7/21,45:11.3,,,,,,,,0.966,,282.9,1.44,,,,,,,,,,,,,,,,,342.8807,,6.6125894,,7.2550397,6.8549485,21.635624,2021,,282.9,0.60414886,0.109741576,9.75
1536,US-Ha2,42.5393,-72.1779,18579,11,18TYN,10/15/21 13:33,10/15/21,44:58.3,74.42164,0.9179156,,,0.75135165,,14.5521345,0.976,15.796729,291.12,2.24,64.14148,,48.92021,0.46208888,44.918297,0.5367125,0,0.8309641,157.30191,64.315735,0.2579292,0.3804704,46.510803,16.925325,0,,344.56842,,7.379781,,7.961825,7.2202954,14.3151,2021,16.925325,291.12,0.9884492,0.16121484,17.97
1538,US-Ha2,42.5393,-72.1779,18594,10,18TYN,10/16/21 12:46,10/16/21,58:12.3,,,,,,,,0.944,,279.52,2.44,,,,,,,,,,,,,,,,,342.7444,,6.3154116,,7.048233,6.566849,27.087616,2021,,279.52,0.983789,0.16109064,6.37
1540,US-Ha2,42.5393,-72.1779,18640,8,18TYN,10/19/21 12:01,10/19/21,13:08.3,,,,,,,,0.97,,276.26,1.08,,,,,,,,,,,,,,,,,343.76352,,5.6574273,,6.383099,6.0627565,15.007524,2021,,276.26,0.7906139,0.061668534,3.11
1542,US-Ha2,42.5393,-72.1779,18655,9,18TYN,10/20/21 11:15,10/20/21,26:19.3,,,,,,,,0.972,,281.72,1.4,,,,,,,,,,,,,,,,,343.4247,,6.3980913,,7.046041,6.6741705,24.286106,2021,,281.72,0.808521,0.07135457,8.57
1544,US-Ha2,42.5393,-72.1779,18735,12,18TYN,10/25/21 15:24,10/25/21,35:38.3,44.298317,0.9711833,1,0.00552,0.37647433,0.0552,12.149736,0.926,4.245947,275.22,1.84,36.857124,,21.404163,0.15367527,20.61736,0.7367219,0.10872176,0.94618213,67.187004,36.924488,0.24362071,0,13.783578,7.929068,0,,342.4602,,5.777821,,6.4180965,5.9315314,16.387033,2021,7.929068,275.22,0.7705631,0.07048417,2.07
1549,US-Ha2,42.5393,-72.1779,18858,13,18TYN,11/2/21 12:20,11/2/21,31:35.3,,,,,,,,0.926,,277.12,1.08,,,,,,,,,,,,,,,,,344.53058,,5.37599,,5.9494815,5.7629004,17.81026,2021,,277.12,0.6706421,0.124154694,3.97
1550,US-Ha2,42.5393,-72.1779,18858,13,18TYN,11/2/21 12:20,11/2/21,31:35.3,,,,,,,,0.926,,277.12,1.08,,,,,,,,,,,,,,,,,344.53058,,5.37599,,5.9494815,5.7629004,17.81026,2021,,277.12,0.6706421,0.1241547,3.97
2435,US-NR1,40.0329,-105.5464,5578,2,13TDE,6/30/19 17:16,6/30/19,14:05.9,186.72226,0.63343924,1,0.00384,4.57303585,0.038399998,236.41177,0.978,20.945042,296.56,1.28,652.4258,,469.55264,0.64609605,298.56766,0.07335264,0.27572626,0.48868963,785.4853,656.2842,0.3667138,0,3.058833,18.541056,0,,3042.9072,,8.328244,,8.8251,7.932323,5.955201,2019,18.541056,296.56,0.6883051,0.024569595,23.41
2436,US-NR1,40.0329,-105.5464,5578,2,13TDE,6/30/19 17:16,6/30/19,14:05.9,186.72226,0.63343924,1,0.00384,4.57303585,0.038399998,236.41177,0.978,20.945042,296.56,1.28,652.4258,,469.55264,0.64609605,298.56766,0.07335264,0.27572626,0.48868963,785.4853,656.2842,0.3667138,0,3.058833,18.541056,0,,3042.9072,,8.328244,,8.8251,7.932323,5.955201,2019,18.541056,296.56,0.6883051,0.024569595,23.41
3210,US-PFd,45.9689,-90.301,3713,3,15TYL,3/2/19 15:27,3/2/19,26:01.8,0,0,0.060463082,0.00216,0.005,0.0216,0,0.872,0,322.48,0.72,0,,0,0,0,0,0,0.7766353,195.4141,0,0.268448,0,0,-7.4685864,0,,433.40457,11.794498,10.767026,10.456466,11.747951,10.210275,27.635965,2019,-7.4685864,322.48,0.12711097,0.4550993,49.33
3215,US-PFd,45.9689,-90.301,5116,8,15TYL,5/31/19 22:42,5/31/19,41:05.8,58.852818,0.5639979,1,0.00516,2.85242035,0.051599998,74.238,0.962,10.166892,293.72,1.72,253.64449,,185.28389,0.40976745,103.95883,0.2202342,0.37700412,0.62816405,348.46973,255.29901,0.29827654,0.3193008,94.54149,19.520475,0,,434.37387,,7.743926,,8.349849,7.4763117,15.106736,2019,19.520475,293.72,0.6469184,0.069605626,20.57
3216,US-PFd,45.9689,-90.301,5116,8,15TYM,5/31/19 22:42,5/31/19,41:05.8,51.353096,0.56825006,1,0.00516,2.7109152,0.051599998,74.60122,0.962,10.29393,293.74,1.72,242.26201,,174.78024,0.4369859,99.14098,0.19564623,0.36736786,0.6115485,348.45886,244.05005,0.2998049,0.25952756,81.90652,18.538057,0,,434.37387,,7.7497873,,8.349849,7.4766655,15.117718,2019,18.538057,293.74,0.6469184,0.069605626,20.59
3221,US-PFd,45.9689,-90.301,5223,8,15TYL,6/7/19 20:09,6/7/19,07:48.8,395.70602,0.49225327,1,0.00564,5.43082285,0.056399997,137.56273,0.954,50,298.48,1.88,623.24927,,518.208,0.5286323,255.41629,0.27282256,0.18899815,0.62822783,722.87177,627.0825,0.27872992,0.77895844,336.20364,25.42772,0,,432.70303,,8.38891,,8.833557,7.7614145,26.422989,2019,25.42772,298.48,0.7878738,0.0608453,25.33
3222,US-PFd,45.9689,-90.301,5223,8,15TYM,6/7/19 20:09,6/7/19,07:48.8,386.33557,0.50487274,1,0.00564,5.4903033,0.056399997,134.78468,0.952,50,298.74,1.88,613.7771,,505.158,0.5008552,255.49742,0.259597,0.22698003,0.6240846,722.8708,617.7352,0.27846232,0.7773695,329.70773,25.595076,0,,432.70303,,8.434695,,8.833557,7.756616,26.432673,2019,25.595076,298.74,0.7878738,0.0608453,25.59
3224,US-PFd,45.9689,-90.301,5238,8,15TYL,6/8/19 19:20,6/8/19,18:47.8,365.0529,0.52437943,1,0.003,4.17244585,0.03,150.93475,0.974,50,303.86,1,653.23584,,531.3392,0.6577877,282.04016,0.17703395,0.16258359,0.5653494,815.09064,657.2291,0.2903695,0.5836528,291.69342,24.080494,0,,434.31387,,9.536848,,9.835861,8.809333,4.375717,2019,24.080494,303.86,0.7968123,0.060818054,30.71
3225,US-PFd,45.9689,-90.301,5238,8,15TYM,6/8/19 19:20,6/8/19,18:47.8,361.88156,0.54204714,1,0.003,4.2461796,0.03,146.06535,0.97,50,304.02,1,639.48083,,520.5672,0.62050843,280.7697,0.16843733,0.21105425,0.5682258,815.0893,643.8508,0.290876,0.5885161,287.01093,24.509567,0,,434.31387,,9.537054,,9.846713,8.763021,4.375717,2019,24.509567,304.02,0.7968123,0.060818054,30.87
3240,US-PFd,45.9689,-90.301,5345,8,15TYL,6/15/19 16:46,6/15/19,45:22.8,341.31964,0.5714731,1,0.0036,4.5262308,0.036000002,209.29903,0.966,50,292.74,1.2,673.04315,,486.9013,0.7364761,278.51273,0.12497553,0.14478165,0.52962446,799.90686,676.0239,0.26886767,0,93.97395,16.974813,0,,434.6369,,7.689471,,8.308028,7.496535,10.140103,2019,16.974813,292.74,0.7994443,0.04334415,19.59
3241,US-PFd,45.9689,-90.301,5345,8,15TYL,6/15/19 16:46,6/15/19,45:22.8,341.31964,0.5714731,1,0.0036,4.5262308,0.036000002,209.29903,0.966,50,292.74,1.2,673.04315,,486.9013,0.7364761,278.51273,0.12497553,0.14478165,0.52962446,799.90686,676.0239,0.26886767,0,93.97395,16.974813,0,,434.6369,,7.689471,,8.308028,7.496535,10.140103,2019,16.974813,292.74,0.7994443,0.04334415,19.59
3242,US-PFd,45.9689,-90.301,5345,8,15TYM,6/15/19 16:46,6/15/19,45:22.8,343.3803,0.5685015,1,0.0036,4.6212965,0.036000002,236.03058,0.966,50,292.24,1.2,673.32996,,492.04877,0.7192558,275.4705,0.13365373,0.14709045,0.53159267,799.8457,676.97705,0.2724123,0,2.6592937,17.289558,0,,434.6369,,7.658051,,8.281962,7.488092,10.149901,2019,17.289558,292.24,0.7994443,0.04334415,19.09
3243,US-PFd,45.9689,-90.301,5345,8,15TYM,6/15/19 16:46,6/15/19,45:22.8,343.3803,0.5685015,1,0.0036,4.6212965,0.036000002,236.03058,0.966,50,292.24,1.2,673.32996,,492.04877,0.7192558,275.4705,0.13365373,0.14709045,0.53159267,799.8457,676.97705,0.2724123,0,2.6592937,17.289558,0,,434.6369,,7.658051,,8.281962,7.488092,10.149901,2019,17.289558,292.24,0.7994443,0.04334415,19.09
3246,US-PFd,45.9689,-90.301,5348,5,15TYL,6/15/19 21:37,6/15/19,36:27.8,242.07683,0.57632905,1,0.00348,4.7795475,0.034799997,87.49702,0.972,50,293.02,1.16,381.5572,,286.80493,0.73745817,165.22488,0.1180679,0.14447393,0.5234141,491.08618,383.35428,0.2586826,0.7902118,183.1353,18.592072,0,,435.43567,,7.789529,,8.382504,7.604021,25.83156,2019,18.592072,293.02,0.7994443,0.04334415,19.87
3247,US-PFd,45.9689,-90.301,5348,5,15TYL,6/15/19 21:37,6/15/19,36:27.8,242.07683,0.57632905,1,0.00348,4.7795475,0.034799997,87.49702,0.972,50,293.02,1.16,381.5572,,286.80493,0.73745817,165.22488,0.1180679,0.14447393,0.5234141,491.08618,383.35428,0.2586826,0.7902118,183.1353,18.592072,0,,435.43567,,7.789529,,8.382504,7.604021,25.83156,2019,18.592072,293.02,0.7994443,0.04334415,19.87
3248,US-PFd,45.9689,-90.301,5348,5,15TYM,6/15/19 21:37,6/15/19,36:27.8,242.8641,0.56112707,1,0.00348,4.5745973,0.034799997,136.704,0.972,50,293.24,1.16,379.5119,,281.35977,0.7269332,161.49963,0.13299355,0.14753036,0.53237146,491.118,381.02344,0.26453277,0,2.098479,18.40117,0,,435.21802,,7.797918,,8.402985,7.6265497,25.829185,2019,18.40117,293.24,0.7994443,0.04334415,20.09
3249,US-PFd,45.9689,-90.301,5348,5,15TYM,6/15/19 21:37,6/15/19,36:27.8,242.8641,0.56112707,1,0.00348,4.5745973,0.034799997,136.704,0.972,50,293.24,1.16,379.5119,,281.35977,0.7269332,161.49963,0.13299355,0.14753036,0.53237146,491.118,381.02344,0.26453277,0,2.098479,18.40117,0,,435.21802,,7.797918,,8.402985,7.6265497,25.829185,2019,18.40117,293.24,0.7994443,0.04334415,20.09
3251,US-PFd,45.9689,-90.301,5363,6,15TYL,6/16/19 20:48,6/16/19,46:52.8,,,,,,,,0.968,,296.24,1.44,,,,,,,,,,,,,,,,,435.0171,,8.120646,,8.632888,7.773381,8.815072,2019,,296.24,0.83546597,0.048606325,23.09
3252,US-PFd,45.9689,-90.301,5363,6,15TYM,6/16/19 20:48,6/16/19,46:52.8,,,,,,,,0.964,,296.76,1.44,,,,,,,,,,,,,,,,,435.0171,,8.120646,,8.6469965,7.729899,8.818952,2019,,296.76,0.83546597,0.048606325,23.61
3258,US-PFd,45.9689,-90.301,5406,8,15TYL,6/19/19 15:05,6/19/19,04:14.8,303.8269,0.8123068,1,0.00384,5.81030225,0.038399998,96.671616,0.978,50,290.06,1.28,542.0803,,401.7097,0.826689,333.12692,0.12070176,0.030687552,0.56686425,649.3866,544.2683,0.18144707,0.78186524,343.11407,17.275131,0,,433.99362,,7.434411,,7.9793677,7.312841,2.5806158,2019,17.275131,290.06,0.8876311,0.048601028,16.91
3259,US-PFd,45.9689,-90.301,5406,8,15TYL,6/19/19 15:05,6/19/19,04:14.8,303.8269,0.8123068,1,0.00384,5.81030225,0.038399998,96.671616,0.978,50,290.06,1.28,542.0803,,401.7097,0.826689,333.12692,0.12070176,0.030687552,0.56686425,649.3866,544.2683,0.18144707,0.78186524,343.11407,17.275131,0,,433.99362,,7.434411,,7.9793677,7.312841,2.5806158,2019,17.275131,290.06,0.8876311,0.048601028,16.91
3260,US-PFd,45.9689,-90.301,5406,8,15TYL,6/19/19 15:05,6/19/19,04:14.8,303.8269,0.8123068,1,0.00384,5.81030225,0.038399998,96.671616,0.978,50,290.06,1.28,542.0803,,401.7097,0.826689,333.12692,0.12070176,0.030687552,0.56686425,649.3866,544.2683,0.18144707,0.78186524,343.11407,17.275131,0,,433.99362,,7.434411,,7.9793677,7.312841,2.5806158,2019,17.275131,290.06,0.8876311,0.048601028,16.91
3261,US-PFd,45.9689,-90.301,5406,8,15TYM,6/19/19 15:05,6/19/19,04:14.8,303.33878,0.49327534,1,0.00384,5.4329345,0.038399998,180.55753,0.978,50,290.1,1.28,505.99777,,378.58966,0.6551366,185.42924,0.23245765,0.07617398,0.58933717,649.3823,508.05597,0.26960808,0,2.1884859,17.976952,0,,433.99362,,7.434411,,7.9872956,7.348842,2.5809844,2019,17.976952,290.1,0.8876311,0.048601028,16.95
3262,US-PFd,45.9689,-90.301,5406,8,15TYM,6/19/19 15:05,6/19/19,04:14.8,303.33878,0.49327534,1,0.00384,5.4329345,0.038399998,180.55753,0.978,50,290.1,1.28,505.99777,,378.58966,0.6551366,185.42924,0.23245765,0.07617398,0.58933717,649.3823,508.05597,0.26960808,0,2.1884859,17.976952,0,,433.99362,,7.434411,,7.9872956,7.348842,2.5809844,2019,17.976952,290.1,0.8876311,0.048601028,16.95
3263,US-PFd,45.9689,-90.301,5406,8,15TYM,6/19/19 15:05,6/19/19,04:14.8,303.33878,0.49327534,1,0.00384,5.4329345,0.038399998,180.55753,0.978,50,290.1,1.28,505.99777,,378.58966,0.6551366,185.42924,0.23245765,0.07617398,0.58933717,649.3823,508.05597,0.26960808,0,2.1884859,17.976952,0,,433.99362,,7.434411,,7.9872956,7.348842,2.5809844,2019,17.976952,290.1,0.8876311,0.048601028,16.95
3267,US-PFd,45.9689,-90.301,5409,4,15TYL,6/19/19 19:56,6/19/19,54:52.8,125.95016,0.7972179,1,0.00444,4.3420803,0.0444,207.07173,0.952,39.82072,295.94,1.48,606.7527,,486.5214,0.858666,393.54865,0.08769876,0.027950192,0.521501,722.21576,609.27136,0.16805503,0,3.2393885,21.151346,0,,433.0307,,8.02492,,8.59605,7.4767466,15.920618,2019,21.151346,295.94,0.8876311,0.048601028,22.79
3268,US-PFd,45.9689,-90.301,5409,4,15TYL,6/19/19 19:56,6/19/19,54:52.8,125.95016,0.7972179,1,0.00444,4.3420803,0.0444,207.07173,0.952,39.82072,295.94,1.48,606.7527,,486.5214,0.858666,393.54865,0.08769876,0.027950192,0.521501,722.21576,609.27136,0.16805503,0,3.2393885,21.151346,0,,433.0307,,8.02492,,8.59605,7.4767466,15.920618,2019,21.151346,295.94,0.8876311,0.048601028,22.79
3269,US-PFd,45.9689,-90.301,5409,4,15TYL,6/19/19 19:56,6/19/19,54:52.8,125.95016,0.7972179,1,0.00444,4.3420803,0.0444,207.07173,0.952,39.82072,295.94,1.48,606.7527,,486.5214,0.858666,393.54865,0.08769876,0.027950192,0.521501,722.21576,609.27136,0.16805503,0,3.2393885,21.151346,0,,433.0307,,8.02492,,8.59605,7.4767466,15.920618,2019,21.151346,295.94,0.8876311,0.048601028,22.79
3270,US-PFd,45.9689,-90.301,5409,4,15TYM,6/19/19 19:56,6/19/19,54:52.8,131.22226,0.8111507,1,0.00444,4.2968374,0.0444,212.02173,0.932,37.845978,295.98,1.48,587.74695,,467.67538,0.8299422,385.22955,0.1272005,0.04844367,0.5476244,722.2231,589.96436,0.2258867,0,3.0211358,20.925068,0,,433.0307,,8.062336,,8.594079,7.123044,16.182747,2019,20.925068,295.98,0.8876311,0.048601028,22.83
3271,US-PFd,45.9689,-90.301,5409,4,15TYM,6/19/19 19:56,6/19/19,54:52.8,131.22226,0.8111507,1,0.00444,4.2968374,0.0444,212.02173,0.932,37.845978,295.98,1.48,587.74695,,467.67538,0.8299422,385.22955,0.1272005,0.04844367,0.5476244,722.2231,589.96436,0.2258867,0,3.0211358,20.925068,0,,433.0307,,8.062336,,8.594079,7.123044,16.182747,2019,20.925068,295.98,0.8876311,0.048601028,22.83
3272,US-PFd,45.9689,-90.301,5409,4,15TYM,6/19/19 19:56,6/19/19,54:52.8,131.22226,0.8111507,1,0.00444,4.2968374,0.0444,212.02173,0.932,37.845978,295.98,1.48,587.74695,,467.67538,0.8299422,385.22955,0.1272005,0.04844367,0.5476244,722.2231,589.96436,0.2258867,0,3.0211358,20.925068,0,,433.0307,,8.062336,,8.594079,7.123044,16.182747,2019,20.925068,295.98,0.8876311,0.048601028,22.83
3298,US-PFd,45.9689,-90.301,5528,7,15TYL,6/27/19 11:42,6/27/19,40:56.8,,,,,,,,0.95,,283.8,1.8,,,,,,,,,,,,,,,,,433.85184,,6.689173,,7.3839774,6.7801285,21.247816,2019,,283.8,0.8552786,0.04539566,10.65
3299,US-PFd,45.9689,-90.301,5528,7,15TYL,6/27/19 11:42,6/27/19,40:56.8,,,,,,,,0.95,,283.8,1.8,,,,,,,,,,,,,,,,,433.85184,,6.689173,,7.3839774,6.7801285,21.247816,2019,,283.8,0.8552786,0.04539566,10.65
3300,US-PFd,45.9689,-90.301,5528,7,15TYL,6/27/19 11:42,6/27/19,40:56.8,,,,,,,,0.95,,283.8,1.8,,,,,,,,,,,,,,,,,433.85184,,6.689173,,7.3839774,6.7801285,21.247816,2019,,283.8,0.8552786,0.04539566,10.65
3301,US-PFd,45.9689,-90.301,5528,7,15TYM,6/27/19 11:42,6/27/19,40:56.8,,,,,,,,0.95,,283.98,1.8,,,,,,,,,,,,,,,,,433.76138,,6.689173,,7.3922915,6.7801285,21.241617,2019,,283.98,0.8552786,0.04539566,10.83
3302,US-PFd,45.9689,-90.301,5528,7,15TYM,6/27/19 11:42,6/27/19,40:56.8,,,,,,,,0.95,,283.98,1.8,,,,,,,,,,,,,,,,,433.76138,,6.689173,,7.3922915,6.7801285,21.241617,2019,,283.98,0.8552786,0.04539566,10.83
3303,US-PFd,45.9689,-90.301,5528,7,15TYM,6/27/19 11:42,6/27/19,40:56.8,,,,,,,,0.95,,283.98,1.8,,,,,,,,,,,,,,,,,433.76138,,6.689173,,7.3922915,6.7801285,21.241617,2019,,283.98,0.8552786,0.04539566,10.83
3515,US-PFd,45.9689,-90.301,7131,8,15TYL,10/8/19 19:07,10/8/19,06:46.8,173.20245,0.59604865,1,0.00288,1.48265835,0.0288,116.800285,0.97,30.388466,290.86,0.96,330.26593,,233.27277,0.6254686,139.21555,0.12059743,0.25418475,0.5394674,471.14102,332.13776,0.2788964,0,1.8510745,17.060179,0,,434.76962,,7.5382667,,8.166657,7.4835186,7.611824,2019,17.060179,290.86,0.71515757,0.12320852,17.71
3516,US-PFd,45.9689,-90.301,7131,8,15TYM,10/8/19 19:07,10/8/19,06:46.8,169.58046,0.6222972,1,0.00288,1.71169405,0.0288,114.24018,0.97,28.039337,291.16,0.96,323.39523,,223.2228,0.5721676,139.27597,0.11731787,0.31065723,0.54854447,471.15274,325.48105,0.2559815,0,1.9740216,16.356087,0,,434.76962,,7.5382667,,8.166657,7.522034,7.6135283,2019,16.356087,291.16,0.71515757,0.12320852,18.01
3518,US-PFd,45.9689,-90.301,7146,7,15TYL,10/9/19 18:18,10/9/19,17:46.8,,,,,,,,0.978,,291.58,1.12,,,,,,,,,,,,,,,,,434.3072,,7.677018,,8.258766,7.5650325,25.23032,2019,,291.58,0.70598364,0.12057849,18.43
3519,US-PFd,45.9689,-90.301,7146,7,15TYM,10/9/19 18:18,10/9/19,17:46.8,,,,,,,,0.974,,291.86,1.12,,,,,,,,,,,,,,,,,434.3072,,7.6890316,,8.245509,7.550743,25.219688,2019,,291.86,0.70598364,0.12057849,18.71
3740,US-PFi,45.9749,-90.2327,5116,8,15TYL,5/31/19 22:42,5/31/19,41:22.2,83.865395,0.47420594,1,0.00516,2.08123785,0.051599998,73.15459,0.964,16.37056,292.76,1.72,261.17572,,195.99506,0.41003814,94.96264,0.35191494,0.2554967,0.6539375,351.06097,261.703,0.33472672,0.2948716,102.46389,19.608988,0,,456.04675,,7.6594605,,8.257634,7.421545,15.351267,2019,19.608988,292.76,0.74944025,0.072298504,19.61
3741,US-PFi,45.9749,-90.2327,5116,8,15TYM,5/31/19 22:42,5/31/19,41:22.2,65.27345,0.5183148,1,0.00516,1.98737155,0.051599998,82.06775,0.968,16.526323,292.48,1.72,240.85458,,173.30115,0.5515181,90.80516,0.21734962,0.22601248,0.59812,351.0504,241.36295,0.28590295,0,22.47012,17.474518,0,,452.153,,7.6594605,,8.248913,7.4317436,15.358586,2019,17.474518,292.48,0.74944025,0.072298504,19.33
3743,US-PFi,45.9749,-90.2327,5177,8,15TYL,6/4/19 21:01,6/4/19,00:20.2,95.21694,0.5533356,1,0.00552,2.65788625,0.0552,48.394398,0.976,23.557253,297.34,1.84,209.19441,,159.11386,0.07214313,87.60317,0.6899227,0.23935631,0.81316626,330.8357,209.65393,0.35446683,0.42722905,114.93804,20.833511,0,,456.11343,,8.294091,,8.75046,7.8225183,6.6172314,2019,20.833511,297.34,0.7380594,0.13545679,24.19
3744,US-PFi,45.9749,-90.2327,5177,8,15TYM,6/4/19 21:01,6/4/19,00:20.2,78.37566,0.5693484,1,0.00552,2.58034795,0.0552,48.95074,0.976,23.961252,297.12,1.84,196.90024,,146.24059,0.050687276,82.75169,0.7170921,0.22143483,0.82819986,330.86813,197.32498,0.39317638,0.41324136,110.1084,19.094938,0,,452.51318,,8.283902,,8.749527,7.8155036,6.6183867,2019,19.094938,297.12,0.7380594,0.13545679,23.97
3746,US-PFi,45.9749,-90.2327,5223,8,15TYL,6/7/19 20:09,6/7/19,08:05.2,385.87808,1,1,0.00576,6.49186065,0.0576,111.163994,0.944,50,295.32,1.92,628.6612,,533.57776,0,533.57776,0.9486971,0.05130288,1,724.8171,629.0175,0.316995,0,353.85666,26.249622,0,,455.47635,,8.046599,,8.505112,7.4719634,26.62207,2019,26.249622,295.32,0.8434593,0.13756616,22.17
3747,US-PFi,45.9749,-90.2327,5223,8,15TYM,6/7/19 20:09,6/7/19,08:05.2,382.8143,0.45709842,1,0.00576,5.811976,0.0576,142.21622,0.948,50,295.04,1.92,619.648,,532.2225,0.66630906,244.41197,0.27552903,0.05699917,0.59969515,724.81537,620.84436,0.29003426,0.9228867,313.80856,26.372717,0,,452.0166,,8.014525,,8.521405,7.478314,26.622782,2019,26.372717,295.04,0.8434593,0.13756616,21.89
3749,US-PFi,45.9749,-90.2327,5238,8,15TYL,6/8/19 19:20,6/8/19,19:04.2,346.8706,0.43127066,1,0.003,4.1192738,0.03,152.32666,0.978,50,301.62,1,613.1748,,508.86728,0.64132935,219.28322,0.26022786,0.09842342,0.5850781,818.041,614.4507,0.4229742,0.50651604,264.85635,24.168482,0,,454.69083,,9.212444,,9.571567,8.655699,4.317451,2019,24.168482,301.62,0.8563288,0.13638459,28.47
3750,US-PFi,45.9749,-90.2327,5238,8,15TYM,6/8/19 19:20,6/8/19,19:04.2,348.91095,0.49383315,1,0.003,4.1694769,0.03,152.64142,0.976,50,301.78,1,637.5666,,527.63666,0.72863203,261.71237,0.21323709,0.050725676,0.57616425,818.03894,638.8467,0.24887432,0.5083348,269.97147,23.920527,0,,452.63742,,9.169218,,9.590988,8.660172,4.313613,2019,23.920527,301.78,0.8563288,0.13638459,28.63
3765,US-PFi,45.9749,-90.2327,5345,8,15TYL,6/15/19 16:46,6/15/19,45:39.2,335.94925,0.51454383,1,0.0036,5.022408,0.036000002,243.40646,0.976,50,290.78,1.2,683.38495,,506.01743,0.80802435,260.2052,0.14720927,0.02451735,0.52672166,810.0727,684.6157,0.2887843,0,2.1859207,16.574501,0,,455.99408,,7.512457,,8.116361,7.436826,10.488639,2019,16.574501,290.78,0.90343094,0.047746126,17.63
3766,US-PFi,45.9749,-90.2327,5345,8,15TYL,6/15/19 16:46,6/15/19,45:39.2,335.94925,0.51454383,1,0.0036,5.022408,0.036000002,243.40646,0.976,50,290.78,1.2,683.38495,,506.01743,0.80802435,260.2052,0.14720927,0.02451735,0.52672166,810.0727,684.6157,0.2887843,0,2.1859207,16.574501,0,,455.99408,,7.512457,,8.116361,7.436826,10.488639,2019,16.574501,290.78,0.90343094,0.047746126,17.63
3767,US-PFi,45.9749,-90.2327,5345,8,15TYM,6/15/19 16:46,6/15/19,45:39.2,335.76776,0.49576268,1,0.0036,4.905733,0.036000002,243.78621,0.976,50,290.74,1.2,681.69257,,496.74112,0.7970638,244.81667,0.17670566,0.027041633,0.54626006,810.01685,682.95667,0.31057054,0,2.112666,15.926018,0,,452.07437,,7.512457,,8.116361,7.4302406,10.498766,2019,15.926018,290.74,0.90343094,0.047746126,17.59
3768,US-PFi,45.9749,-90.2327,5345,8,15TYM,6/15/19 16:46,6/15/19,45:39.2,335.76776,0.49576268,1,0.0036,4.905733,0.036000002,243.78621,0.976,50,290.74,1.2,681.69257,,496.74112,0.7970638,244.81667,0.17670566,0.027041633,0.54626006,810.01685,682.95667,0.31057054,0,2.112666,15.926018,0,,452.07437,,7.512457,,8.116361,7.4302406,10.498766,2019,15.926018,290.74,0.90343094,0.047746126,17.59
3771,US-PFi,45.9749,-90.2327,5348,5,15TYL,6/15/19 21:37,6/15/19,36:44.2,240.99557,0.50102544,1,0.00348,4.3811171,0.034799997,135.09154,0.976,50,293.06,1.16,373.5355,,286.4,0.8075864,145.4338,0.15989009,0.02438518,0.53509474,483.544,374.12494,0.29345745,0,2.205627,18.586798,0,,454.11182,,7.8197093,,8.393753,7.6291547,26.13902,2019,18.586798,293.06,0.90343094,0.047746126,19.91
3772,US-PFi,45.9749,-90.2327,5348,5,15TYL,6/15/19 21:37,6/15/19,36:44.2,240.99557,0.50102544,1,0.00348,4.3811171,0.034799997,135.09154,0.976,50,293.06,1.16,373.5355,,286.4,0.8075864,145.4338,0.15989009,0.02438518,0.53509474,483.544,374.12494,0.29345745,0,2.205627,18.586798,0,,454.11182,,7.8197093,,8.393753,7.6291547,26.13902,2019,18.586798,293.06,0.90343094,0.047746126,19.91
3773,US-PFi,45.9749,-90.2327,5348,5,15TYM,6/15/19 21:37,6/15/19,36:44.2,238.21461,0.5073834,1,0.00348,4.25376395,0.034799997,135.62628,0.972,50,293.08,1.16,373.24667,,284.41724,0.80749714,145.18227,0.1654935,0.025952771,0.5395302,483.5782,373.815,0.27561855,0,2.0999324,18.286896,0,,454.11182,,7.8197093,,8.393753,7.637472,26.13902,2019,18.286896,293.08,0.90343094,0.047746126,19.93
3774,US-PFi,45.9749,-90.2327,5348,5,15TYM,6/15/19 21:37,6/15/19,36:44.2,238.21461,0.5073834,1,0.00348,4.25376395,0.034799997,135.62628,0.972,50,293.08,1.16,373.24667,,284.41724,0.80749714,145.18227,0.1654935,0.025952771,0.5395302,483.5782,373.815,0.27561855,0,2.0999324,18.286896,0,,454.11182,,7.8197093,,8.393753,7.637472,26.13902,2019,18.286896,293.08,0.90343094,0.047746126,19.93
3776,US-PFi,45.9749,-90.2327,5363,6,15TYL,6/16/19 20:48,6/16/19,47:09.2,,,,,,,,0.98,,294.7,1.44,,,,,,,,,,,,,,,,,455.08438,,7.978589,,8.506513,7.659807,8.515199,2019,,294.7,0.9171205,0.0655496,21.55
3777,US-PFi,45.9749,-90.2327,5363,6,15TYM,6/16/19 20:48,6/16/19,47:09.2,,,,,,,,0.974,,294.96,1.44,,,,,,,,,,,,,,,,,452.1135,,7.955998,,8.488877,7.6712375,8.521053,2019,,294.96,0.9171205,0.0655496,21.81
3783,US-PFi,45.9749,-90.2327,5406,8,15TYL,6/19/19 15:05,6/19/19,04:31.2,318.335,0.4312826,1,0.00384,5.60888875,0.038399998,122.53025,0.966,50,289.64,1.28,514.2672,,391.33478,0.69103134,169.27307,0.28953716,0,0.5958131,652.99286,515.0807,0.33744952,0.7640247,325.01245,17.9711,0,,454.70203,,7.2915797,,7.908243,7.1984572,3.0670576,2019,17.9711,289.64,0.93079,0.11526441,16.49
3784,US-PFi,45.9749,-90.2327,5406,8,15TYL,6/19/19 15:05,6/19/19,04:31.2,318.335,0.4312826,1,0.00384,5.60888875,0.038399998,122.53025,0.966,50,289.64,1.28,514.2672,,391.33478,0.69103134,169.27307,0.28953716,0,0.5958131,652.99286,515.0807,0.33744952,0.7640247,325.01245,17.9711,0,,454.70203,,7.2915797,,7.908243,7.1984572,3.0670576,2019,17.9711,289.64,0.93079,0.11526441,16.49
3785,US-PFi,45.9749,-90.2327,5406,8,15TYL,6/19/19 15:05,6/19/19,04:31.2,318.335,0.4312826,1,0.00384,5.60888875,0.038399998,122.53025,0.966,50,289.64,1.28,514.2672,,391.33478,0.69103134,169.27307,0.28953716,0,0.5958131,652.99286,515.0807,0.33744952,0.7640247,325.01245,17.9711,0,,454.70203,,7.2915797,,7.908243,7.1984572,3.0670576,2019,17.9711,289.64,0.93079,0.11526441,16.49
3786,US-PFi,45.9749,-90.2327,5406,8,15TYM,6/19/19 15:05,6/19/19,04:31.2,295.51773,0.43081468,1,0.00384,5.4216398,0.038399998,120.386055,0.966,50,289.38,1.28,496.20395,,371.5191,0.655604,159.9226,0.32223564,0.01942364,0.6087482,652.9877,496.96414,0.3004109,0.74953955,314.58987,17.175482,0,,451.70813,,7.2593307,,7.898042,7.1941853,1.8842242,2019,17.175482,289.38,0.93079,0.11526441,16.23
3787,US-PFi,45.9749,-90.2327,5406,8,15TYM,6/19/19 15:05,6/19/19,04:31.2,295.51773,0.43081468,1,0.00384,5.4216398,0.038399998,120.386055,0.966,50,289.38,1.28,496.20395,,371.5191,0.655604,159.9226,0.32223564,0.01942364,0.6087482,652.9877,496.96414,0.3004109,0.74953955,314.58987,17.175482,0,,451.70813,,7.2593307,,7.898042,7.1941853,1.8842242,2019,17.175482,289.38,0.93079,0.11526441,16.23
3788,US-PFi,45.9749,-90.2327,5406,8,15TYM,6/19/19 15:05,6/19/19,04:31.2,295.51773,0.43081468,1,0.00384,5.4216398,0.038399998,120.386055,0.966,50,289.38,1.28,496.20395,,371.5191,0.655604,159.9226,0.32223564,0.01942364,0.6087482,652.9877,496.96414,0.3004109,0.74953955,314.58987,17.175482,0,,451.70813,,7.2593307,,7.898042,7.1941853,1.8842242,2019,17.175482,289.38,0.93079,0.11526441,16.23
3792,US-PFi,45.9749,-90.2327,5409,4,15TYL,6/19/19 19:56,6/19/19,55:09.2,180.75648,0.46119517,1,0.00444,4.36186245,0.0444,158.09473,0.958,48.87164,292.88,1.48,578.7832,,465.89093,0.76655334,212.32352,0.22043313,0,0.56659,725.85645,579.6885,0.3210976,0.8039156,288.98953,20.763783,0,,454.15146,,7.604979,,8.240136,7.364286,16.471087,2019,20.763783,292.88,0.93079,0.11526441,19.73
3793,US-PFi,45.9749,-90.2327,5409,4,15TYL,6/19/19 19:56,6/19/19,55:09.2,180.75648,0.46119517,1,0.00444,4.36186245,0.0444,158.09473,0.958,48.87164,292.88,1.48,578.7832,,465.89093,0.76655334,212.32352,0.22043313,0,0.56659,725.85645,579.6885,0.3210976,0.8039156,288.98953,20.763783,0,,454.15146,,7.604979,,8.240136,7.364286,16.471087,2019,20.763783,292.88,0.93079,0.11526441,19.73
3794,US-PFi,45.9749,-90.2327,5409,4,15TYL,6/19/19 19:56,6/19/19,55:09.2,180.75648,0.46119517,1,0.00444,4.36186245,0.0444,158.09473,0.958,48.87164,292.88,1.48,578.7832,,465.89093,0.76655334,212.32352,0.22043313,0,0.56659,725.85645,579.6885,0.3210976,0.8039156,288.98953,20.763783,0,,454.15146,,7.604979,,8.240136,7.364286,16.471087,2019,20.763783,292.88,0.93079,0.11526441,19.73
3795,US-PFi,45.9749,-90.2327,5409,4,15TYM,6/19/19 19:56,6/19/19,55:09.2,178.24013,0.52398956,1,0.00444,4.89679585,0.0444,150.32321,0.966,46.593487,292.88,1.48,567.8174,,464.12344,0.8347744,242.589,0.1494453,0.015780304,0.52917546,725.863,568.74805,0.24653013,0.7923127,401.42532,21.89538,0,,453.2375,,7.636679,,8.265382,7.445116,16.46922,2019,21.89538,292.88,0.93079,0.11526441,19.73
3796,US-PFi,45.9749,-90.2327,5409,4,15TYM,6/19/19 19:56,6/19/19,55:09.2,178.24013,0.52398956,1,0.00444,4.89679585,0.0444,150.32321,0.966,46.593487,292.88,1.48,567.8174,,464.12344,0.8347744,242.589,0.1494453,0.015780304,0.52917546,725.863,568.74805,0.24653013,0.7923127,401.42532,21.89538,0,,453.2375,,7.636679,,8.265382,7.445116,16.46922,2019,21.89538,292.88,0.93079,0.11526441,19.73
3797,US-PFi,45.9749,-90.2327,5409,4,15TYM,6/19/19 19:56,6/19/19,55:09.2,178.24013,0.52398956,1,0.00444,4.89679585,0.0444,150.32321,0.966,46.593487,292.88,1.48,567.8174,,464.12344,0.8347744,242.589,0.1494453,0.015780304,0.52917546,725.863,568.74805,0.24653013,0.7923127,401.42532,21.89538,0,,453.2375,,7.636679,,8.265382,7.445116,16.46922,2019,21.89538,292.88,0.93079,0.11526441,19.73
3823,US-PFi,45.9749,-90.2327,5528,7,15TYL,6/27/19 11:42,6/27/19,41:13.2,,,,,,,,0.948,,284.72,1.8,,,,,,,,,,,,,,,,,456.21506,,6.8201175,,7.4513407,6.7863774,21.061438,2019,,284.72,0.9248171,0.12853381,11.57
3824,US-PFi,45.9749,-90.2327,5528,7,15TYL,6/27/19 11:42,6/27/19,41:13.2,,,,,,,,0.948,,284.72,1.8,,,,,,,,,,,,,,,,,456.21506,,6.8201175,,7.4513407,6.7863774,21.061438,2019,,284.72,0.9248171,0.12853381,11.57
3825,US-PFi,45.9749,-90.2327,5528,7,15TYL,6/27/19 11:42,6/27/19,41:13.2,,,,,,,,0.948,,284.72,1.8,,,,,,,,,,,,,,,,,456.21506,,6.8201175,,7.4513407,6.7863774,21.061438,2019,,284.72,0.9248171,0.12853381,11.57
3826,US-PFi,45.9749,-90.2327,5528,7,15TYM,6/27/19 11:42,6/27/19,41:13.2,,,,,,,,0.948,,284.56,1.8,,,,,,,,,,,,,,,,,452.13074,,6.8045754,,7.449773,6.766313,21.059227,2019,,284.56,0.9248171,0.12853381,11.41
3827,US-PFi,45.9749,-90.2327,5528,7,15TYM,6/27/19 11:42,6/27/19,41:13.2,,,,,,,,0.948,,284.56,1.8,,,,,,,,,,,,,,,,,452.13074,,6.8045754,,7.449773,6.766313,21.059227,2019,,284.56,0.9248171,0.12853381,11.41
3828,US-PFi,45.9749,-90.2327,5528,7,15TYM,6/27/19 11:42,6/27/19,41:13.2,,,,,,,,0.948,,284.56,1.8,,,,,,,,,,,,,,,,,452.13074,,6.8045754,,7.449773,6.766313,21.059227,2019,,284.56,0.9248171,0.12853381,11.41
3857,US-PFi,45.9749,-90.2327,5638,5,15TYL,7/4/19 14:00,7/4/19,59:54.2,180.07857,0.4275322,1,0.00696,3.6113186,0.06959999,102.80406,0.952,38.83144,293.78,2.32,345.99844,,282.508,0.16735227,120.82643,0.8088463,0.023802109,0.7688161,450.00787,346.49533,0.38775676,0.33629492,355.75305,22.106958,0,,454.7542,,7.788704,,8.305284,7.3690643,10.580594,2019,22.106958,293.78,0.9065302,0.1445364,20.63
3858,US-PFi,45.9749,-90.2327,5638,5,15TYM,7/4/19 14:00,7/4/19,59:54.2,185.5485,0.8483348,1,0.00696,3.4723097,0.06959999,132.73929,0.95,37.5265,293.72,2.32,367.70197,,301.46872,0.73486185,256.72174,0.24024507,0.018067585,0.67924666,450.01285,368.25192,0.19511883,0,2.1540053,22.878193,0,,452.11353,,7.788543,,8.283092,7.3683524,10.57695,2019,22.878193,293.72,0.9065302,0.1445364,20.57
3860,US-PFi,45.9749,-90.2327,5653,6,15TYL,7/5/19 13:11,7/5/19,10:16.2,213.43344,0.59945273,1,0.00576,3.9156637,0.0576,57.85082,0.954,40.344093,288.78,1.92,286.00146,,230.42682,0.024199057,138.07036,0.9576115,0.01818943,0.87282354,351.5583,286.4253,0.35734668,0,156.14838,21.278782,0,,456.074,,7.296048,,7.9527016,7.2695193,22.265017,2019,21.278782,288.78,0.905329,0.14781098,15.63
3861,US-PFi,45.9749,-90.2327,5653,6,15TYM,7/5/19 13:11,7/5/19,10:16.2,191.87358,0.62524104,1,0.00576,3.4732685,0.0576,55.34202,0.954,40.44553,288.82,1.92,280.22888,,219.23344,0.02031569,137.5299,0.9638139,0.01587041,0.88326883,351.5406,280.643,0.28115577,0,152.97545,19.6148,0,,453.76114,,7.296048,,7.9609065,7.2695193,22.266937,2019,19.6148,288.82,0.905329,0.14781098,15.67
3865,US-PFi,45.9749,-90.2327,5699,5,15TYL,7/8/19 12:20,7/8/19,19:29.2,,,,,,,,0.966,,287.54,1.36,,,,,,,,,,,,,,,,,455.29233,,7.246397,,7.8369217,7.246725,3.938947,2019,,287.54,0.926123,0.18419537,14.39
3866,US-PFi,45.9749,-90.2327,5699,5,15TYM,7/8/19 12:20,7/8/19,19:29.2,,,,,,,,0.964,,287.54,1.36,,,,,,,,,,,,,,,,,451.79385,,7.229237,,7.832521,7.221169,3.9326577,2019,,287.54,0.926123,0.18419537,14.39
3869,US-PFi,45.9749,-90.2327,5745,5,15TYL,7/11/19 11:28,7/11/19,27:54.2,,,,,,,,0.974,,285.04,1.08,,,,,,,,,,,,,,,,,454.77942,,6.908888,,7.517919,7.069734,26.036194,2019,,285.04,0.91602564,0.13836004,11.89
3870,US-PFi,45.9749,-90.2327,5745,5,15TYM,7/11/19 11:28,7/11/19,27:54.2,,,,,,,,0.972,,285.26,1.08,,,,,,,,,,,,,,,,,451.805,,6.89423,,7.5183797,7.0638366,26.034678,2019,,285.26,0.91602564,0.13836004,12.11
3875,US-PFi,45.9749,-90.2327,5986,8,15TYL,7/26/19 23:56,7/26/19,55:10.2,,,,,,,,0.97,,294.34,1.96,,,,,,,,,,,,,,,,,454.9842,,8.010815,,8.578964,7.7786365,26.399998,2019,,294.34,0.88464993,0.04988814,21.19
3876,US-PFi,45.9749,-90.2327,5986,8,15TYL,7/26/19 23:56,7/26/19,55:10.2,,,,,,,,0.97,,294.34,1.96,,,,,,,,,,,,,,,,,454.9842,,8.010815,,8.578964,7.7786365,26.399998,2019,,294.34,0.88464993,0.04988814,21.19
3877,US-PFi,45.9749,-90.2327,5986,8,15TYM,7/26/19 23:56,7/26/19,55:10.2,,,,,,,,0.968,,294.36,1.96,,,,,,,,,,,,,,,,,453.53412,,8.009385,,8.58001,7.7639055,26.399998,2019,,294.36,0.88464993,0.04988814,21.21
3878,US-PFi,45.9749,-90.2327,5986,8,15TYM,7/26/19 23:56,7/26/19,55:10.2,,,,,,,,0.968,,294.36,1.96,,,,,,,,,,,,,,,,,453.53412,,8.009385,,8.58001,7.7639055,26.399998,2019,,294.36,0.88464993,0.04988814,21.21
3880,US-PFi,45.9749,-90.2327,6032,8,15TYL,7/29/19 23:04,7/29/19,03:32.2,115.65612,0.4036896,1,0.00396,6.52174535,0.0396,35.93014,0.972,21.479284,291.48,1.32,143.0206,,111.68391,0.30993748,45.417034,0.6243278,0.059354994,0.7132578,207.47102,143.19376,0.37133434,0.29384407,93.57928,19.988388,0,,455.57086,,7.6442833,,8.209112,7.5520787,2.106736,2019,19.988388,291.48,0.88454473,0.04988221,18.33
3881,US-PFi,45.9749,-90.2327,6032,8,15TYM,7/29/19 23:04,7/29/19,03:32.2,110.80265,1,1,0.00396,3.48749315,0.0396,23.41584,0.974,0,291.42,1.32,51.44117,,89.70619,0,89.70619,0,1,0.717554,207.43448,152.32533,0.4427891,0.33865547,106.916374,19.716814,0,,453.00513,,7.6898303,,8.186398,7.522589,2.1053536,2019,19.716814,291.42,0.88454473,0.04988221,18.27
4036,US-PFi,45.9749,-90.2327,7131,8,15TYL,10/8/19 19:07,10/8/19,07:03.2,179.49911,0.6633525,1,0.00288,1.3790335,0.0288,123.649284,0.976,32.428555,291.24,0.96,350.8693,,238.91095,0.50409937,158.4329,0.09512435,0.40076354,0.54144883,484.9753,352.11194,0.2928556,0,1.9290103,17.044167,0,,455.433,,7.62283,,8.210868,7.5308504,7.8146434,2019,17.044167,291.24,0.59214115,0.09931689,18.09
4037,US-PFi,45.9749,-90.2327,7131,8,15TYM,10/8/19 19:07,10/8/19,07:03.2,172.12437,0.6589615,1,0.00288,1.5449429,0.0288,116.92874,0.976,28.403913,291.24,0.96,331.29752,,217.08421,0.4047719,143.06721,0.10521444,0.4900758,0.5656707,484.98383,332.59784,0.29991627,0,2.107205,15.983959,0,,451.814,,7.6195445,,8.2130995,7.5308504,7.8247547,2019,15.983959,291.24,0.59214115,0.09931689,18.09
4261,US-PFq,45.9271,-90.2475,5116,8,15TYL,5/31/19 22:42,5/31/19,41:18.6,23.673328,0.5586234,1,0.00528,2.2931082,0.0528,92.72218,0.96,9.089614,292.76,1.76,244.22351,,172.25792,0.53660816,96.932365,0.19536097,0.28607687,0.59723926,345.04083,245.51721,0.25753713,0,10.603195,16.812227,0,,439.31396,,7.6193295,,8.255828,7.4056935,15.933604,2019,16.812227,292.76,0.7020776,0.05009072,19.61
4263,US-PFq,45.9271,-90.2475,5177,8,15TYL,6/4/19 21:01,6/4/19,00:16.6,76.2694,0.9213295,1,0.00552,3.07682655,0.0552,60.9415,0.972,19.011185,298.38,1.84,241.54239,,181.0139,0.5203346,166.98833,0.30322552,0.17761622,0.7612368,346.86832,242.77124,0.18514238,0.48492542,121.77112,20.378658,0,,438.9398,,8.390865,,8.795225,7.9049225,7.0390167,2019,20.378658,298.38,0.7009077,0.049706392,25.23
4278,US-PFq,45.9271,-90.2475,5345,8,15TYL,6/15/19 16:46,6/15/19,45:35.6,340.5972,0.5384661,1,0.0048,5.04797915,0.048,230.70576,0.976,50,291.08,1.6,653.0677,,478.34244,0.7912722,257.45367,0.13391641,0.07339384,0.523555,778.48505,655.6187,0.2781005,0,2.5373716,16.587654,0,,439.70892,,7.5425916,,8.126909,7.432576,10.970682,2019,16.587654,291.08,0.8609963,0.045583606,17.93
4279,US-PFq,45.9271,-90.2475,5345,8,15TYL,6/15/19 16:46,6/15/19,45:35.6,340.5972,0.5384661,1,0.0048,5.04797915,0.048,230.70576,0.976,50,291.08,1.6,653.0677,,478.34244,0.7912722,257.45367,0.13391641,0.07339384,0.523555,778.48505,655.6187,0.2781005,0,2.5373716,16.587654,0,,439.70892,,7.5425916,,8.126909,7.432576,10.970682,2019,16.587654,291.08,0.8609963,0.045583606,17.93
4282,US-PFq,45.9271,-90.2475,5348,5,15TYL,6/15/19 21:37,6/15/19,36:40.6,263.71582,0.5301832,1,0.0036,5.0507955,0.036000002,92.17709,0.976,50,292.2,1.2,399.9449,,306.45242,0.7897176,162.50044,0.13933466,0.07411027,0.52753705,502.54535,401.37897,0.290151,0.79817706,192.0372,18.858116,0,,440.12677,,7.708937,,8.297252,7.581785,25.48767,2019,18.858116,292.2,0.8609963,0.045583606,19.05
4283,US-PFq,45.9271,-90.2475,5348,5,15TYL,6/15/19 21:37,6/15/19,36:40.6,263.71582,0.5301832,1,0.0036,5.0507955,0.036000002,92.17709,0.976,50,292.2,1.2,399.9449,,306.45242,0.7897176,162.50044,0.13933466,0.07411027,0.52753705,502.54535,401.37897,0.290151,0.79817706,192.0372,18.858116,0,,440.12677,,7.708937,,8.297252,7.581785,25.48767,2019,18.858116,292.2,0.8609963,0.045583606,19.05
4285,US-PFq,45.9271,-90.2475,5363,6,15TYL,6/16/19 20:48,6/16/19,47:05.6,,,,,,,,0.964,,295.38,1.44,,,,,,,,,,,,,,,,,439.36694,,7.9157386,,8.467669,7.7165284,9.204843,2019,,295.38,0.89346296,0.06520651,22.23
4289,US-PFq,45.9271,-90.2475,5406,8,15TYL,6/19/19 15:05,6/19/19,04:27.6,324.8404,0.42620042,1,0.00384,5.120969,0.038399998,186.16191,0.972,50,290.68,1.28,502.46408,,386.59207,0.6924255,164.7657,0.3031132,0,0.59913206,649.73914,503.6417,0.33519217,0,1.9961057,18.034636,0,,440.04614,,7.4460635,,8.05538,7.319223,2.540821,2019,18.034636,290.68,0.9286333,0.116434895,17.53
4290,US-PFq,45.9271,-90.2475,5406,8,15TYL,6/19/19 15:05,6/19/19,04:27.6,324.8404,0.42620042,1,0.00384,5.120969,0.038399998,186.16191,0.972,50,290.68,1.28,502.46408,,386.59207,0.6924255,164.7657,0.3031132,0,0.59913206,649.73914,503.6417,0.33519217,0,1.9961057,18.034636,0,,440.04614,,7.4460635,,8.05538,7.319223,2.540821,2019,18.034636,290.68,0.9286333,0.116434895,17.53
4291,US-PFq,45.9271,-90.2475,5406,8,15TYL,6/19/19 15:05,6/19/19,04:27.6,324.8404,0.42620042,1,0.00384,5.120969,0.038399998,186.16191,0.972,50,290.68,1.28,502.46408,,386.59207,0.6924255,164.7657,0.3031132,0,0.59913206,649.73914,503.6417,0.33519217,0,1.9961057,18.034636,0,,440.04614,,7.4460635,,8.05538,7.319223,2.540821,2019,18.034636,290.68,0.9286333,0.116434895,17.53
4295,US-PFq,45.9271,-90.2475,5409,4,15TYL,6/19/19 19:56,6/19/19,55:05.6,201.64078,0.4629633,1,0.00444,4.26911605,0.0444,148.07489,0.976,50,293.96,1.48,569.0713,,459.89172,0.7791617,214.98445,0.21408913,0,0.5619415,728.7121,570.8025,0.3127483,0.7914252,286.00497,20.823095,0,,440.15747,,7.866746,,8.389966,7.5656347,15.723931,2019,20.823095,293.96,0.9286333,0.116434895,20.81
4296,US-PFq,45.9271,-90.2475,5409,4,15TYL,6/19/19 19:56,6/19/19,55:05.6,201.64078,0.4629633,1,0.00444,4.26911605,0.0444,148.07489,0.976,50,293.96,1.48,569.0713,,459.89172,0.7791617,214.98445,0.21408913,0,0.5619415,728.7121,570.8025,0.3127483,0.7914252,286.00497,20.823095,0,,440.15747,,7.866746,,8.389966,7.5656347,15.723931,2019,20.823095,293.96,0.9286333,0.116434895,20.81
4297,US-PFq,45.9271,-90.2475,5409,4,15TYL,6/19/19 19:56,6/19/19,55:05.6,201.64078,0.4629633,1,0.00444,4.26911605,0.0444,148.07489,0.976,50,293.96,1.48,569.0713,,459.89172,0.7791617,214.98445,0.21408913,0,0.5619415,728.7121,570.8025,0.3127483,0.7914252,286.00497,20.823095,0,,440.15747,,7.866746,,8.389966,7.5656347,15.723931,2019,20.823095,293.96,0.9286333,0.116434895,20.81
4317,US-PFq,45.9271,-90.2475,5528,7,15TYL,6/27/19 11:42,6/27/19,41:09.6,,,,,,,,0.95,,282.58,1.8,,,,,,,,,,,,,,,,,440.35498,,6.5920405,,7.2581353,6.6946354,20.421238,2019,,282.58,0.9022297,0.1396263,9.43
4318,US-PFq,45.9271,-90.2475,5528,7,15TYL,6/27/19 11:42,6/27/19,41:09.6,,,,,,,,0.95,,282.58,1.8,,,,,,,,,,,,,,,,,440.35498,,6.5920405,,7.2581353,6.6946354,20.421238,2019,,282.58,0.9022297,0.1396263,9.43
4319,US-PFq,45.9271,-90.2475,5528,7,15TYL,6/27/19 11:42,6/27/19,41:09.6,,,,,,,,0.95,,282.58,1.8,,,,,,,,,,,,,,,,,440.35498,,6.5920405,,7.2581353,6.6946354,20.421238,2019,,282.58,0.9022297,0.1396263,9.43
4336,US-PFq,45.9271,-90.2475,5638,5,15TYL,7/4/19 14:00,7/4/19,59:50.6,191.0946,0.41293606,1,0.00696,5.10270315,0.06959999,104.22016,0.902,9.279946,283.52,2.32,414.54193,,338.39435,0.22571856,139.70897,0.7558267,0.018454757,0.74851274,451.89984,415.68674,0.35456887,0,237.63312,21.930634,0,,440.1115,,6.82484,,7.3307843,6.590651,9.809735,2019,21.930634,283.52,0.91077983,0.14714703,10.37
4338,US-PFq,45.9271,-90.2475,5653,6,15TYL,7/5/19 13:11,7/5/19,10:12.6,193.75783,0.6127173,1,0.00576,3.9435748,0.0576,54.974567,0.95,31.530762,288.8,1.92,278.85114,,224.60312,0.020795917,137.75128,0.9668446,0.012359439,0.8789811,342.22498,279.60184,0.3513708,0,152.03036,21.094147,0,,439.3881,,7.2577333,,7.9612846,7.285751,22.935236,2019,21.094147,288.8,0.91085976,0.1456703,15.65
4342,US-PFq,45.9271,-90.2475,5699,5,15TYL,7/8/19 12:20,7/8/19,19:25.6,,,,,,,,0.966,,286.04,1.36,,,,,,,,,,,,,,,,,439.985,,7.072905,,7.6717973,7.152893,3.6855214,2019,,286.04,0.91139615,0.122104466,12.89
4453,US-PFq,45.9271,-90.2475,6630,5,15TYL,9/6/19 12:11,9/6/19,10:01.6,,,,,,,,0.952,,277.86,1.64,,,,,,,,,,,,,,,,,440.61432,,5.9787226,,6.707849,6.306682,25.117575,2019,,277.86,0.9147224,0.11432586,4.71
4454,US-PFq,45.9271,-90.2475,6630,5,15TYL,9/6/19 12:11,9/6/19,10:01.6,,,,,,,,0.952,,277.86,1.64,,,,,,,,,,,,,,,,,440.61432,,5.9787226,,6.707849,6.306682,25.117575,2019,,277.86,0.9147224,0.11432586,4.71
4842,US-Syv,46.242,-89.3477,12274,4,15TYM,9/4/20 12:09,9/4/20,12:05.6,,,,,,,,0.962,,281.94,1.08,,,,,,,,,,,,,,,,,520.4375,,6.3479576,,7.048783,6.5387883,16.060799,2020,,281.94,0.7786991,0.12285839,8.79
5476,US-WCr,45.8059,-90.0799,5116,8,15TYL,5/31/19 22:42,5/31/19,41:58.8,38.343636,0.46540987,0.9840957,0.00564,0.66378015,0.056399997,89.119026,0.964,8.977026,292,1.88,251.33546,,187.8456,0.42958283,86.1905,0.35988998,0.20147923,0.6528165,336.88535,251.7551,0.32071307,0,28.881926,19.216301,0,,488.9458,,7.582426,,8.171509,7.3518786,18.33661,2019,19.216301,292,0.78389215,0.06564763,18.85
5478,US-WCr,45.8059,-90.0799,5177,8,15TYL,6/4/19 21:01,6/4/19,00:56.8,98.91593,0.50946677,1,0.00564,3.08224635,0.056399997,77.46093,0.966,24.570457,296.04,1.88,296.9302,,231.64888,0.0906055,118.01741,0.73005,0.18090385,0.79992193,419.09778,297.46722,0.39239204,0.4133954,181.27554,21.383657,0,,488.9565,,8.029282,,8.607552,7.725477,9.646465,2019,21.383657,296.04,0.7875583,0.14573573,22.89
5482,US-WCr,45.8059,-90.0799,5238,8,15TYL,6/8/19 19:20,6/8/19,19:40.8,350.79395,0.46228534,1,0.00288,4.03343615,0.0288,143.50894,0.978,50,301.8,0.96,587.5698,,477.95166,0.5882961,221.15654,0.22521223,0.18585019,0.5809197,817.85223,590.1614,0.4308582,0.5253331,256.2384,24.017933,0,,489.46353,,9.245319,,9.6234865,8.669304,2.0631225,2019,24.017933,301.8,0.79608476,0.16270477,28.65
5493,US-WCr,45.8059,-90.0799,5345,8,15TYL,6/15/19 16:46,6/15/19,46:15.8,346.57733,0.48448667,1,0.00396,4.71179685,0.0396,223.57405,0.974,50,290.8,1.32,621.4807,,461.7854,0.8201485,223.26514,0.17124334,0.002368408,0.53765476,742.34204,622.369,0.31326196,0,2.1345031,16.55363,0,,490.03055,,7.4621205,,8.070561,7.3682327,13.516183,2019,16.55363,290.8,0.9217351,0.04698573,17.65
5494,US-WCr,45.8059,-90.0799,5345,8,15TYL,6/15/19 16:46,6/15/19,46:15.8,346.57733,0.48448667,1,0.00396,4.71179685,0.0396,223.57405,0.974,50,290.8,1.32,621.4807,,461.7854,0.8201485,223.26514,0.17124334,0.002368408,0.53765476,742.34204,622.369,0.31326196,0,2.1345031,16.55363,0,,490.03055,,7.4621205,,8.070561,7.3682327,13.516183,2019,16.55363,290.8,0.9217351,0.04698573,17.65
5497,US-WCr,45.8059,-90.0799,5348,5,15TYL,6/15/19 21:37,6/15/19,37:20.8,269.6072,0.4817286,1,0.0036,4.9656222,0.036000002,104.155594,0.978,50,292.44,1.2,442.6635,,347.55804,0.82208467,167.4569,0.17336452,0.002425156,0.537872,544.72644,443.27042,0.32430315,0.80105686,214.16791,19.467213,0,,491.14407,,7.743791,,8.317476,7.603157,25.086128,2019,19.467213,292.44,0.9217351,0.04698573,19.29
5498,US-WCr,45.8059,-90.0799,5348,5,15TYL,6/15/19 21:37,6/15/19,37:20.8,269.6072,0.4817286,1,0.0036,4.9656222,0.036000002,104.155594,0.978,50,292.44,1.2,442.6635,,347.55804,0.82208467,167.4569,0.17336452,0.002425156,0.537872,544.72644,443.27042,0.32430315,0.80105686,214.16791,19.467213,0,,491.14407,,7.743791,,8.317476,7.603157,25.086128,2019,19.467213,292.44,0.9217351,0.04698573,19.29
5500,US-WCr,45.8059,-90.0799,5363,6,15TYL,6/16/19 20:48,6/16/19,47:45.8,,,,,,,,0.976,,294.28,1.44,,,,,,,,,,,,,,,,,490.57056,,7.869356,,8.443021,7.614006,10.010949,2019,,294.28,0.9216012,0.04698429,21.13
5504,US-WCr,45.8059,-90.0799,5406,8,15TYL,6/19/19 15:05,6/19/19,05:07.8,313.29422,0.82111436,1,0.00396,5.8897505,0.0396,92.18553,0.972,50,290.34,1.32,541.78766,,408.6535,0.8706032,335.9437,0.12868357,0,0.56967235,647.38464,542.5171,0.22932817,0.7762933,341.2667,17.300898,0,,490.81107,,7.407759,,8.004981,7.302203,4.542597,2019,17.300898,290.34,0.92510736,0.046979167,17.19
5505,US-WCr,45.8059,-90.0799,5406,8,15TYL,6/19/19 15:05,6/19/19,05:07.8,313.29422,0.82111436,1,0.00396,5.8897505,0.0396,92.18553,0.972,50,290.34,1.32,541.78766,,408.6535,0.8706032,335.9437,0.12868357,0,0.56967235,647.38464,542.5171,0.22932817,0.7762933,341.2667,17.300898,0,,490.81107,,7.407759,,8.004981,7.302203,4.542597,2019,17.300898,290.34,0.92510736,0.046979167,17.19
5506,US-WCr,45.8059,-90.0799,5406,8,15TYL,6/19/19 15:05,6/19/19,05:07.8,313.29422,0.82111436,1,0.00396,5.8897505,0.0396,92.18553,0.972,50,290.34,1.32,541.78766,,408.6535,0.8706032,335.9437,0.12868357,0,0.56967235,647.38464,542.5171,0.22932817,0.7762933,341.2667,17.300898,0,,490.81107,,7.407759,,8.004981,7.302203,4.542597,2019,17.300898,290.34,0.92510736,0.046979167,17.19
5510,US-WCr,45.8059,-90.0799,5409,4,15TYL,6/19/19 19:56,6/19/19,55:45.8,314.74463,0.8153693,1,0.00444,4.7930765,0.0444,222.5886,0.972,50,296.66,1.48,622.1743,,503.67307,0.9040271,410.78952,0.09537046,0,0.52805513,744.34155,623.083,0.20963202,0,3.2744558,21.119877,0,,490.8518,,8.077783,,8.644153,7.812447,15.011805,2019,21.119877,296.66,0.92510736,0.046979167,23.51
5511,US-WCr,45.8059,-90.0799,5409,4,15TYL,6/19/19 19:56,6/19/19,55:45.8,314.74463,0.8153693,1,0.00444,4.7930765,0.0444,222.5886,0.972,50,296.66,1.48,622.1743,,503.67307,0.9040271,410.78952,0.09537046,0,0.52805513,744.34155,623.083,0.20963202,0,3.2744558,21.119877,0,,490.8518,,8.077783,,8.644153,7.812447,15.011805,2019,21.119877,296.66,0.92510736,0.046979167,23.51
5512,US-WCr,45.8059,-90.0799,5409,4,15TYL,6/19/19 19:56,6/19/19,55:45.8,314.74463,0.8153693,1,0.00444,4.7930765,0.0444,222.5886,0.972,50,296.66,1.48,622.1743,,503.67307,0.9040271,410.78952,0.09537046,0,0.52805513,744.34155,623.083,0.20963202,0,3.2744558,21.119877,0,,490.8518,,8.077783,,8.644153,7.812447,15.011805,2019,21.119877,296.66,0.92510736,0.046979167,23.51
5532,US-WCr,45.8059,-90.0799,5528,7,15TYL,6/27/19 11:42,6/27/19,41:49.8,,,,,,,,0.952,,284.98,1.76,,,,,,,,,,,,,,,,,488.34033,,6.884748,,7.482213,6.8314443,18.204517,2019,,284.98,0.94802004,0.1379322,11.83
5533,US-WCr,45.8059,-90.0799,5528,7,15TYL,6/27/19 11:42,6/27/19,41:49.8,,,,,,,,0.952,,284.98,1.76,,,,,,,,,,,,,,,,,488.34033,,6.884748,,7.482213,6.8314443,18.204517,2019,,284.98,0.94802004,0.1379322,11.83
5534,US-WCr,45.8059,-90.0799,5528,7,15TYL,6/27/19 11:42,6/27/19,41:49.8,,,,,,,,0.952,,284.98,1.76,,,,,,,,,,,,,,,,,488.34033,,6.884748,,7.482213,6.8314443,18.204517,2019,,284.98,0.94802004,0.1379322,11.83
5672,US-WCr,45.8059,-90.0799,7131,8,15TYL,10/8/19 19:07,10/8/19,07:39.8,199.20169,0.94392765,1,0.003,1.64593475,0.03,130.52176,0.974,32.770824,291.32,1,366.85916,,246.77371,0.605958,233.00374,0.05418453,0.33971485,0.52379864,522.28674,368.14398,0.2337431,0,1.9192489,17.351807,0,,489.05972,,7.649203,,8.218583,7.4981513,10.978474,2019,17.351807,291.32,0.5392251,0.13701372,18.17
5794,US-xAB,45.7624,-122.3303,11129,4,10TER,6/22/20 15:26,6/22/20,17:05.7,196.57916,0.43251845,1,0.00516,4.4332817,0.051599998,74.523834,0.964,11.664661,287.02,1.72,279.98907,,194.65074,0.21836399,84.526794,0.69114363,0.09050325,0.74686426,385.17578,280.6985,0.34766844,0.4337426,250.13512,14.11329,0,,369.492,,6.954812,,7.6187296,6.9675336,24.416727,2020,14.11329,287.02,0.86121595,0.101719104,13.87
5797,US-xAB,45.7624,-122.3303,11190,4,10TER,6/26/20 13:51,6/26/20,42:26.7,,,,,,,,0.962,,285.92,1.64,,,,,,,,,,,,,,,,,369.0507,,7.0016856,,7.624139,7.048536,23.107239,2020,,285.92,0.8720482,0.1010958,12.77
5813,US-xAB,45.7624,-122.3303,11818,7,10TER,8/6/20 02:11,8/6/20,02:08.7,,,,,,,,0.972,,292.3,1.24,,,,,,,,,,,,,,,,,368.40063,,7.8110814,,8.375999,7.643131,9.061301,2020,,292.3,0.8602083,0.10022292,19.15
6067,US-xDL,32.5417,-87.8039,7501,11,16SDB,11/1/19 15:53,11/1/19,02:13.1,65.767235,0.6500181,1,0.00204,2.0042021,0.020399999,144.93152,0.97,0,282.44,0.68,384.40338,,214.86096,0.92452246,139.72664,0.059001718,0.015215827,0.46815708,532.5853,385.89386,0.32675093,0,1.3107264,7.7510343,0,,6.1694202,,6.4931664,,7.0651245,6.7502494,16.92952,2019,7.7510343,282.44,0.65875584,0.10266874,9.29
6068,US-xDL,32.5417,-87.8039,7501,11,16SDB,11/1/19 15:53,11/1/19,02:13.1,65.767235,0.6500181,1,0.00204,2.0042021,0.020399999,144.93152,0.97,0,282.44,0.68,384.40338,,214.86096,0.92452246,139.72664,0.059001718,0.015215827,0.46815708,532.5853,385.89386,0.32675093,0,1.3107264,7.7510343,0,,6.1694202,,6.4931664,,7.0651245,6.7502494,16.92952,2019,7.7510343,282.44,0.65875584,0.10266875,9.29
6084,US-xDL,32.5417,-87.8039,8325,11,16SDB,12/24/19 18:50,12/24/19,59:23.1,416.89294,0.57498366,,,1.5723808,,115.48135,0.974,50,293.92,1.44,256.00537,,226.9735,0.66821384,131.10481,0.15838593,0.16128586,0.66054565,469.07187,345.7166,0.35488337,0.2786616,141.16806,18.941633,0,,7.637315,,8.061107,,8.51699,7.7790537,14.8413105,2019,18.941633,293.92,0.39587528,0.093799956,20.77
6085,US-xDL,32.5417,-87.8039,8325,11,16SDB,12/24/19 18:50,12/24/19,59:23.1,416.89294,0.57498366,,,1.5723808,,115.48135,0.974,50,293.92,1.44,256.00537,,226.9735,0.66821384,131.10481,0.15838593,0.16128586,0.66054565,469.07187,345.7166,0.35488337,0.2786616,141.16806,18.941633,0,,7.637315,,8.061107,,8.51699,7.7790537,14.8413105,2019,18.941633,293.92,0.39587528,0.093799956,20.77
6091,US-xDL,32.5417,-87.8039,8508,10,16SDB,1/5/20 14:04,1/5/20,13:08.1,,,,,,,,0.98,,279.4,0.72,,,,,,,,,,,,,,,,,5.7520285,,6.1850224,,6.8128715,6.4620976,0.91913223,2020,,279.4,0.3007411,0.08684458,6.25
6092,US-xDL,32.5417,-87.8039,8508,10,16SDB,1/5/20 14:04,1/5/20,13:08.1,,,,,,,,0.98,,279.4,0.72,,,,,,,,,,,,,,,,,5.7520285,,6.1850224,,6.8128715,6.4620976,0.91913223,2020,,279.4,0.3007411,0.08684458,6.25
6094,US-xDL,32.5417,-87.8039,8854,2,16SDB,1/27/20 21:13,1/27/20,22:38.1,147.54921,0.49654067,,,1.0225724,,51.474068,0.974,0,285.28,1.04,95.98939,,82.79144,0.61515987,40.95658,0.16087031,0.2226111,0.65966564,239.99884,146.13069,0.3375329,0,11.6815,12.741002,0,,6.5082583,,6.8220367,,7.449635,6.928622,3.3999484,2020,12.741002,285.28,0.32432908,0.08833818,12.13
6124,US-xDL,32.5417,-87.8039,9362,7,16SDB,2/29/20 16:07,2/29/20,16:07.1,360.76138,0.13297577,,,0.91190815,,140.82195,0.972,0,287.56,0.88,158.81116,,241.6889,0.103682846,32.050827,0.09925211,0.79643065,0.58344066,627.7003,483.72977,0.50821036,0,1.7403377,10.77306,0,,6.088588,,7.1059976,,7.724895,7.1380773,19.614723,2020,10.77306,287.56,0.11566941,0.0721432,14.41
6168,US-xDL,32.5417,-87.8039,10216,11,16SDB,4/24/20 18:26,4/24/20,34:56.1,393.02386,0.73364806,1,0.00396,3.5205983,0.0396,117.63776,0.976,50,295.8,1.32,658.36664,,504.83377,0.8815753,369.9893,0.09140121,0.02263164,0.53761053,847.577,660.9955,0.3741114,0.80435866,355.5981,22.581787,0,,6.7299004,,8.29569,,8.682797,7.9512296,6.7472396,2020,22.581787,295.8,0.6701745,0.13825078,22.65
6169,US-xDL,32.5417,-87.8039,10216,11,16SDB,4/24/20 18:26,4/24/20,34:56.1,393.02386,0.73364806,1,0.00396,3.5205983,0.0396,117.63776,0.976,50,295.8,1.32,658.36664,,504.83377,0.8815753,369.9893,0.09140121,0.02263164,0.53761053,847.577,660.9955,0.3741114,0.80435866,355.5981,22.581787,0,,6.7299004,,8.29569,,8.682797,7.9512296,6.7472396,2020,22.581787,295.8,0.6701745,0.13825078,22.65
6184,US-xDL,32.5417,-87.8039,10399,7,16SDB,5/6/20 13:43,5/6/20,52:10.1,286.22656,0.83342487,1,0.00276,6.26125785,0.0276,49.122112,0.972,50,291.6,0.92,360.73907,,282.5912,0.7621788,235.50723,0.23451003,0.003824168,0.6675701,445.2373,361.23093,0.3265419,0.39094925,245.74821,19.664616,0,,6.638455,,7.7342386,,8.303938,7.6182075,12.302237,2020,19.664616,291.6,0.89684343,0.055460524,18.45
6185,US-xDL,32.5417,-87.8039,10399,7,16SDB,5/6/20 13:43,5/6/20,52:10.1,286.22656,0.83342487,1,0.00276,6.26125785,0.0276,49.122112,0.972,50,291.6,0.92,360.73907,,282.5912,0.7621788,235.50723,0.23451003,0.003824168,0.6675701,445.2373,361.23093,0.3265419,0.39094925,245.74821,19.664616,0,,6.638455,,7.7342386,,8.303938,7.6182075,12.302237,2020,19.664616,291.6,0.89684343,0.055460524,18.45
6220,US-xDL,32.5417,-87.8039,10867,2,16SDB,6/5/20 17:45,6/5/20,54:45.1,38.339775,0.7387192,1,0.00828,4.60410275,0.0828,236.40916,0.968,50,305.32,2.76,625.0929,,542.77594,0.87269366,400.959,0.103501104,0.023491377,0.5537737,809.1033,629.40076,0.38763583,0,102.39602,32.271942,0,,6.5850353,,9.027082,,9.346572,8.080426,16.714268,2020,32.271942,305.32,0.6774245,0.16309692,32.17
6221,US-xDL,32.5417,-87.8039,10867,2,16SDB,6/5/20 17:45,6/5/20,54:45.1,38.339775,0.7387192,1,0.00828,4.60410275,0.0828,236.40916,0.968,50,305.32,2.76,625.0929,,542.77594,0.87269366,400.959,0.103501104,0.023491377,0.5537737,809.1033,629.40076,0.38763583,0,102.39602,32.271942,0,,6.5850353,,9.027082,,9.346572,8.080426,16.714268,2020,32.271942,305.32,0.6774245,0.16309692,32.17
6229,US-xDL,32.5417,-87.8039,10933,9,16SDB,6/10/20 00:20,6/10/20,29:11.1,,,,,,,,0.956,,299.8,3.2,,,,,,,,,,,,,,,,,5.6787987,,8.477067,,8.889901,7.863021,22.313864,2020,,299.8,0.67474174,0.16943517,26.65
6230,US-xDL,32.5417,-87.8039,10933,9,16SDB,6/10/20 00:20,6/10/20,29:11.1,,,,,,,,0.956,,299.8,3.2,,,,,,,,,,,,,,,,,5.6787987,,8.477067,,8.889901,7.863021,22.313864,2020,,299.8,0.67474174,0.16943517,26.65
6231,US-xDL,32.5417,-87.8039,10933,9,16SDB,6/10/20 00:20,6/10/20,29:11.1,,,,,,,,0.956,,299.8,3.2,,,,,,,,,,,,,,,,,5.6787987,,8.477067,,8.889901,7.863021,22.313864,2020,,299.8,0.67474174,0.16943517,26.65
6312,US-xDL,32.5417,-87.8039,11767,2,16SDB,8/2/20 18:55,8/2/20,04:25.1,347.62845,0.7319126,1,0.008640001,3.9966401,0.0864,211.94676,0.93,14.878904,300.12,2.88,611.45044,,519.5249,0.85805124,380.23312,0.112431265,0.029066255,0.5675947,727.2718,615.06464,0.2939431,0,17.544468,30.82699,0,,7.754108,,8.408202,,8.804888,7.56246,1.8715771,2020,30.82699,300.12,0.6553354,0.14238913,26.97
6313,US-xDL,32.5417,-87.8039,11767,2,16SDB,8/2/20 18:55,8/2/20,04:25.1,347.62845,0.7319126,1,0.008640001,3.9966401,0.0864,211.94676,0.93,14.878904,300.12,2.88,611.45044,,519.5249,0.85805124,380.23312,0.112431265,0.029066255,0.5675947,727.2718,615.06464,0.2939431,0,17.544468,30.82699,0,,7.754108,,8.408202,,8.804888,7.56246,1.8715771,2020,30.82699,300.12,0.6553354,0.14238913,26.97
6320,US-xDL,32.5417,-87.8039,11828,4,16SDB,8/6/20 17:22,8/6/20,31:07.1,62.477917,0.7617589,1,0.006,4.47802675,0.06,229.69418,0.958,50,303.56,2,668.41986,,574.6592,0.8533597,437.43344,0.12200982,0.021092791,0.57587343,822.4465,671.4077,0.3843403,0.8266771,420.94757,29.83744,0,,6.1317515,,9.147774,,9.556522,8.329268,1.4425083,2020,29.83744,303.56,0.72389084,0.118498914,30.41
6321,US-xDL,32.5417,-87.8039,11828,4,16SDB,8/6/20 17:22,8/6/20,31:07.1,62.477917,0.7617589,1,0.006,4.47802675,0.06,229.69418,0.958,50,303.56,2,668.41986,,574.6592,0.8533597,437.43344,0.12200982,0.021092791,0.57587343,822.4465,671.4077,0.3843403,0.8266771,420.94757,29.83744,0,,6.1317515,,9.147774,,9.556522,8.329268,1.4425083,2020,29.83744,303.56,0.72389084,0.14370517,30.41
6328,US-xDL,32.5417,-87.8039,11889,4,16SDB,8/10/20 15:48,8/10/20,57:36.1,214.8774,0.7604987,1,0.0078,3.2566309,0.077999994,150.42778,0.962,50,303.66,2.6,627.5269,,564.92554,0.897739,429.95322,0.092390805,0.009650846,0.5279886,695.313,631.67065,0.20535024,0.8025021,345.52164,32.718643,0,,6.802825,,9.022789,,9.416998,8.198772,1.7701019,2020,32.718643,303.66,0.78678876,0.043033518,30.51
6329,US-xDL,32.5417,-87.8039,11889,4,16SDB,8/10/20 15:48,8/10/20,57:36.1,214.8774,0.7604987,1,0.0078,3.2566309,0.077999994,150.42778,0.962,50,303.66,2.6,627.5269,,564.92554,0.897739,429.95322,0.092390805,0.009650846,0.5279886,695.313,631.67065,0.20535024,0.8025021,345.52164,32.718643,0,,6.802825,,9.022789,,9.416998,8.198772,1.7701019,2020,32.718643,303.66,0.78678876,0.043033518,30.51
6351,US-xDL,32.5417,-87.8039,12092,7,16SDB,8/23/20 18:29,8/23/20,38:19.1,250.18306,0.35321835,1,0.00732,3.05696395,0.0732,199.60068,0.918,50,297.28,2.44,607.2441,,508.8097,0.5595217,177.65845,0.3389056,0.10979757,0.6305701,691.395,610.27966,0.39582068,0,249.02637,29.620512,0,,7.0514717,,8.378079,,8.792417,7.5780396,14.190914,2020,29.620512,297.28,0.62801343,0.12766306,24.13
6384,US-xDL,32.5417,-87.8039,12682,5,16SDB,9/30/20 19:37,9/30/20,45:50.1,108.614456,0.78339165,1,0.00444,2.3548847,0.0444,150.51302,0.974,50,297.28,1.48,521.6319,,432.77997,0.94409674,337.1602,0.052971743,0.002984037,0.45746097,650.06274,522.58154,0.2556079,0.84705746,364.5768,24.307566,0,,5.76073,,8.420093,,8.932875,8.017277,5.6109548,2020,24.307566,297.28,0.8418312,0.079338655,24.13
6403,US-xDL,32.5417,-87.8039,12885,8,16SDB,10/13/20 22:18,10/13/20,27:32.1,,,,,,,,0.978,,294.46,0.96,,,,,,,,,,,,,,,,,6.8707833,,8.273496,,8.720385,7.985228,6.947764,2020,,294.46,0.71480936,0.112270504,21.31
6404,US-xDL,32.5417,-87.8039,12885,8,16SDB,10/13/20 22:18,10/13/20,27:32.1,,,,,,,,0.978,,294.46,0.96,,,,,,,,,,,,,,,,,6.8707833,,8.273496,,8.720385,7.985228,6.947764,2020,,294.46,0.71480936,0.112270504,21.31
6407,US-xDL,32.5417,-87.8039,12885,9,16SDB,10/13/20 22:19,10/13/20,28:24.1,,,,,,,,0.972,,294.34,0.96,,,,,,,,,,,,,,,,,5.675198,,8.229909,,8.688583,7.9252977,7.0756006,2020,,294.34,0.71480936,0.112270504,21.19
6408,US-xDL,32.5417,-87.8039,12885,9,16SDB,10/13/20 22:19,10/13/20,28:24.1,,,,,,,,0.972,,294.34,0.96,,,,,,,,,,,,,,,,,5.675198,,8.229909,,8.688583,7.9252977,7.0756006,2020,,294.34,0.71480936,0.112270504,21.19
6416,US-xDL,32.5417,-87.8039,13129,9,16SDB,10/29/20 16:02,10/29/20,11:29.1,191.78076,0.42954236,1,0.0036,0.970669028,0.036000002,62.944393,0.97,50,293.18,1.2,230.23198,,155.80336,0.907557,66.89688,0.06818365,0.024259325,0.44493505,525.66895,231.06012,0.49004465,0.84026426,199.21652,16.80048,0,,7.436548,,8.002534,,8.4727745,7.722116,14.381911,2020,16.80048,293.18,0.59555763,0.36766198,20.03
6417,US-xDL,32.5417,-87.8039,13129,9,16SDB,10/29/20 16:02,10/29/20,11:29.1,191.78076,0.42954236,1,0.0036,0.970669028,0.036000002,62.944393,0.97,50,293.18,1.2,230.23198,,155.80336,0.907557,66.89688,0.06818365,0.024259325,0.44493505,525.66895,231.06012,0.49004465,0.84026426,199.21652,16.80048,0,,7.436548,,8.002534,,8.4727745,7.722116,14.381911,2020,16.80048,293.18,0.59555763,0.36766198,20.03
6422,US-xDL,32.5417,-87.8039,13251,6,16SDB,11/6/20 12:54,11/6/20,02:52.1,,,,,,,,0.958,,283.78,1.68,,,,,,,,,,,,,,,,,7.087999,,6.708429,,7.397423,6.8823557,18.29911,2020,,283.78,0.69597524,0.09081404,10.63
6423,US-xDL,32.5417,-87.8039,13251,6,16SDB,11/6/20 12:54,11/6/20,02:52.1,,,,,,,,0.958,,283.78,1.68,,,,,,,,,,,,,,,,,7.087999,,6.708429,,7.397423,6.8823557,18.29911,2020,,283.78,0.69597524,0.09081404,10.63
6426,US-xDL,32.5417,-87.8039,13536,5,16SDB,11/24/20 21:43,11/24/20,52:38.1,,,,,,,,0.98,,289.12,0.96,,,,,,,,,,,,,,,,,6.528279,,7.474952,,8.004297,7.412678,7.854273,2020,,289.12,0.6706978,0.06759943,15.97
6427,US-xDL,32.5417,-87.8039,13536,5,16SDB,11/24/20 21:43,11/24/20,52:38.1,,,,,,,,0.98,,289.12,0.96,,,,,,,,,,,,,,,,,6.528279,,7.474952,,8.004297,7.412678,7.854273,2020,,289.12,0.6706978,0.06759943,15.97
6432,US-xDL,32.5417,-87.8039,13658,4,16SDB,12/2/20 18:37,12/2/20,46:08.1,135.05815,0.6411957,1,0.00168,1.44150855,0.0168,99.148155,0.98,21.334555,285.48,0.56,380.90973,,221.45111,0.9714711,141.86366,0.020300908,0.008228013,0.36777902,543.1361,382.59006,0.27350876,0.7530951,197.91267,10.41261,0,,5.936363,,6.982871,,7.529512,7.0503407,7.5609145,2020,10.41261,285.48,0.56995654,0.10802937,12.33
6435,US-xDL,32.5417,-87.8039,13780,4,16SDB,12/10/20 15:30,12/10/20,38:57.1,155.32866,0.7720438,1,0.00312,1.5400832,0.031199997,54.58718,0.976,20.03229,285.36,1.04,247.30594,,143.77946,0.5650059,109.74938,0.3260577,0.109792106,0.76125705,369.4879,248.02603,0.2893286,0.4364074,133.16922,9.487831,0,,7.6307945,,6.9244623,,7.4910326,7.0451236,9.195397,2020,9.487831,285.36,0.60763884,0.08252185,12.21
6439,US-xDL,32.5417,-87.8039,13861,6,16SDB,12/15/20 21:18,12/15/20,27:16.1,,,,,,,,0.974,,283.64,1.24,,,,,,,,,,,,,,,,,6.141325,,6.6198344,,7.265865,6.781763,21.822746,2020,,283.64,0.55628014,0.08025843,10.49
6441,US-xDL,32.5417,-87.8039,13983,6,16SDB,12/23/20 18:11,12/23/20,19:50.1,203.54195,0.6305081,1,0.00504,0.9019985,0.050399996,61.75691,0.93,0,283.58,1.68,259.44592,,177.44427,0.854315,111.88006,0.09264931,0.051028017,0.5481152,332.30478,267.05417,0.31991628,0.9027836,127.32756,16.531155,0,,6.1693954,,6.3843412,,7.2062984,6.357977,22.737314,2020,16.531155,283.58,0.51214933,0.10385769,10.43
6448,US-xDL,32.5417,-87.8039,14044,10,16SDB,12/27/20 16:37,12/27/20,45:57.1,192.79517,0.5107948,1,0.00252,0.773420715,0.025199998,104.81565,0.976,0,284.64,0.84,281.6284,,176.99301,0.8942273,90.46228,0.0582291,0.044493195,0.4758442,486.24863,332.1089,0.31336024,0,1.7019774,8.828034,0,,7.2853813,,6.8302245,,7.36074,6.901729,23.501196,2020,8.828034,284.64,0.44999433,0.11227445,11.49
6449,US-xDL,32.5417,-87.8039,14044,10,16SDB,12/27/20 16:37,12/27/20,45:57.1,192.79517,0.5107948,1,0.00252,0.773420715,0.025199998,104.81565,0.976,0,284.64,0.84,281.6284,,176.99301,0.8942273,90.46228,0.0582291,0.044493195,0.4758442,486.24863,332.1089,0.31336024,0,1.7019774,8.828034,0,,7.2853813,,6.8302245,,7.36074,6.901729,23.501196,2020,8.828034,284.64,0.44999433,0.11227445,11.49
6451,US-xDL,32.5417,-87.8039,14151,6,16SDB,1/3/21 14:17,1/3/21,26:00.1,,,,,,,,0.968,,278.58002,0.96,,,,,,,,,,,,,,,,,6.551275,,5.8973155,,6.568697,6.340832,28.521584,2021,,278.58002,0.40449637,0.10423838,5.43002
6465,US-xJE,31.1948,-84.4686,7084,2,16RGV,10/5/19 18:18,10/5/19,40:12.5,241.7158,0.6955631,0.009928062,0.00552,1.7135427,0.0552,125.04054,0.95,29.933268,305.7,1.84,591.8483,,569.4617,0.9582447,396.70215,0.03561524,0.006470263,0.41394642,713.8744,637.2569,0.1157897,0.95448834,374.56897,35.4439,0,,27.846401,,9.512018,,9.862955,8.484239,26.767412,2019,35.4439,305.7,0.71016365,0.066420436,32.55
6466,US-xJE,31.1948,-84.4686,7084,2,16RGV,10/5/19 18:18,10/5/19,40:12.5,241.7158,0.6955631,0.009928062,0.00552,1.7135427,0.0552,125.04054,0.95,29.933268,305.7,1.84,591.8483,,569.4617,0.9582447,396.70215,0.03561524,0.006470263,0.41394642,713.8744,637.2569,0.1157897,0.95448834,374.56897,35.4439,0,,27.846401,,9.512018,,9.862955,8.484239,26.767412,2019,35.4439,305.7,0.71016365,0.066420436,32.55
6478,US-xJE,31.1948,-84.4686,7145,2,16RGV,10/9/19 16:40,10/9/19,02:52.5,,,,,,,,0.944,,302.12,2.12,,,,,,,,,,,,,,,,,28.941114,,8.836136,,9.10478,7.9461856,18.631083,2019,,302.12,0.69052565,0.104661815,28.97
6577,US-xNW,40.0543,-105.5824,5578,2,13TDE,6/30/19 17:16,6/30/19,13:57.2,133.77452,0.9011979,1,0.00384,3.8178804,0.038399998,153.86366,0.948,7.450577,297.44,1.28,340.4986,,424.25592,0.32694253,375.73236,0.019839516,0.6516218,0.46318996,788.2389,621.2392,0.2578884,0,12.101629,22.843159,0,,3487.4778,,8.391315,,8.873179,7.571857,5.5420446,2019,22.843159,297.44,0.30266765,0.11576954,24.29
6578,US-xNW,40.0543,-105.5824,5578,2,13TDE,6/30/19 17:16,6/30/19,13:57.2,133.77452,0.9011979,1,0.00384,3.8178804,0.038399998,153.86366,0.948,7.450577,297.44,1.28,340.4986,,424.25592,0.32694253,375.73236,0.019839516,0.6516218,0.46318996,788.2389,621.2392,0.2578884,0,12.101629,22.843159,0,,3487.4778,,8.391315,,8.873179,7.571857,5.5420446,2019,22.843159,297.44,0.30266765,0.11576954,24.29
6870,US-xRM,40.2759,-105.5459,5406,4,13TDE,6/19/19 15:01,6/19/19,59:48.0,156.17455,0.59076774,1,0.00288,3.555743,0.0288,100.93413,0.972,10.657575,284.9,0.96,389.8745,,224.03267,0.24149066,132.27031,0.25351956,0.5049898,0.6797107,510.32947,393.29514,0.34331855,0.44995558,242.82837,9.789945,0,,2738.0703,,6.7502327,,7.422104,6.924749,24.69058,2019,9.789945,284.9,0.5603779,0.05907728,11.75
6871,US-xRM,40.2759,-105.5459,5406,4,13TDE,6/19/19 15:01,6/19/19,59:48.0,156.17455,0.59076774,1,0.00288,3.555743,0.0288,100.93413,0.972,10.657575,284.9,0.96,389.8745,,224.03267,0.24149066,132.27031,0.25351956,0.5049898,0.6797107,510.32947,393.29514,0.34331855,0.44995558,242.82837,9.789945,0,,2738.0703,,6.7502327,,7.422104,6.924749,24.69058,2019,9.789945,284.9,0.5603779,0.05907728,11.75
6872,US-xRM,40.2759,-105.5459,5406,4,13TDE,6/19/19 15:01,6/19/19,59:48.0,156.17455,0.59076774,1,0.00288,3.555743,0.0288,100.93413,0.972,10.657575,284.9,0.96,389.8745,,224.03267,0.24149066,132.27031,0.25351956,0.5049898,0.6797107,510.32947,393.29514,0.34331855,0.44995558,242.82837,9.789945,0,,2738.0703,,6.7502327,,7.422104,6.924749,24.69058,2019,9.789945,284.9,0.5603779,0.05907728,11.75
6891,US-xRM,40.2759,-105.5459,5578,2,13TDE,6/30/19 17:16,6/30/19,14:06.0,98.178894,0.633834,1,0.00396,4.855255,0.0396,213.6473,0.884,5.6192174,281.56,1.32,684.17224,,435.0291,0.4111436,275.77295,0.12233333,0.4665231,0.5666953,773.9346,689.605,0.36350822,0.5872528,362.7422,14.6686535,0,,2738.3271,,5.981648,,6.7708426,5.2378483,4.266919,2019,14.6686535,281.56,0.56295586,0.08498427,8.41
6892,US-xRM,40.2759,-105.5459,5578,2,13TDE,6/30/19 17:16,6/30/19,14:06.0,98.178894,0.633834,1,0.00396,4.855255,0.0396,213.6473,0.884,5.6192174,281.56,1.32,684.17224,,435.0291,0.4111436,275.77295,0.12233333,0.4665231,0.5666953,773.9346,689.605,0.36350822,0.5872528,362.7422,14.6686535,0,,2738.3271,,5.981648,,6.7708426,5.2378483,4.266919,2019,14.6686535,281.56,0.56295586,0.08498427,8.41
7003,US-xRM,40.2759,-105.5459,10670,4,13TDE,5/24/20 00:52,5/24/20,50:06.0,,,,,,,,0.95,,277.44,0.84,,,,,,,,,,,,,,,,,2736.3926,,5.7152877,,6.4969463,5.861717,0.4565124,2020,,277.44,0.4309772,0.07783636,4.29
7234,US-xST,45.5089,-89.5864,5238,8,15TYL,6/8/19 19:20,6/8/19,21:39.3,347.34616,0.50743115,1,0.00288,5.1566296,0.0288,163.13364,0.972,50,302.32,0.96,672.6817,,554.728,0.75671595,281.72458,0.17198722,0.07129684,0.5480032,819.5099,673.8937,0.28427,0.5283663,274.98438,23.598547,0,,445.57532,,9.301358,,9.710605,8.687832,6.7613177,2019,23.598547,302.32,0.86564785,0.053161245,29.17
7235,US-xST,45.5089,-89.5864,5253,7,15TYL,6/9/19 18:30,6/9/19,31:58.3,66.673256,0.4261272,1,0.006,4.38918385,0.06,166.74736,0.974,36.703053,297.4,2,519.68207,,423.70792,0.4895949,181.01738,0.4336921,0.076712996,0.6614085,643.59015,520.5021,0.2849801,0.38350087,244.33214,22.756037,0,,445.93567,,8.147871,,8.6656475,7.7279673,28.769085,2019,22.756037,297.4,0.86562127,0.052987427,24.25
7285,US-xST,45.5089,-89.5864,5528,7,15TYL,6/27/19 11:42,6/27/19,43:48.3,,,,,,,,0.968,,284.5,1.6,,,,,,,,,,,,,,,,,445.5042,,6.868423,,7.48575,6.979706,11.517515,2019,,284.5,0.85035706,0.13180296,11.35
7286,US-xST,45.5089,-89.5864,5528,7,15TYL,6/27/19 11:42,6/27/19,43:48.3,,,,,,,,0.968,,284.5,1.6,,,,,,,,,,,,,,,,,445.5042,,6.868423,,7.48575,6.979706,11.517515,2019,,284.5,0.85035706,0.13180296,11.35
7287,US-xST,45.5089,-89.5864,5528,7,15TYL,6/27/19 11:42,6/27/19,43:48.3,,,,,,,,0.968,,284.5,1.6,,,,,,,,,,,,,,,,,445.5042,,6.868423,,7.48575,6.979706,11.517515,2019,,284.5,0.85035706,0.13180296,11.35
7301,US-xST,45.5089,-89.5864,5638,5,15TYL,7/4/19 14:00,7/4/19,02:29.3,145.40393,0.401944,1,0.00696,5.7535557,0.06959999,127.58251,0.918,16.869093,285.84,2.32,457.6623,,371.49744,0.4144628,150.56232,0.54778737,0.033318777,0.68775946,480.21738,458.31235,0.32132635,0.33351082,263.27414,21.864964,0,,445.5745,,6.991537,,7.5438857,6.7135296,7.7783284,2019,21.864964,285.84,0.9012487,0.06520853,12.69
7303,US-xST,45.5089,-89.5864,5653,6,15TYL,7/5/19 13:11,7/5/19,12:51.3,110.84694,0.71341264,1,0.006,5.1206597,0.06,56.07948,0.95,17.64525,288.38,2,257.89813,,204.1833,0.00625515,145.41446,0.975049,0.018802783,0.9158516,293.76727,258.25674,0.35317683,0,141.80345,20.188011,0,,445.57495,,7.3110347,,7.9585185,7.2849765,25.470184,2019,20.188011,288.38,0.90121305,0.065205954,15.23
7310,US-xST,45.5089,-89.5864,5745,5,15TYL,7/11/19 11:28,7/11/19,30:29.3,,,,,,,,0.964,,286.62,1.16,,,,,,,,,,,,,,,,,445.9203,,7.0252604,,7.625889,7.1905813,23.863691,2019,,286.62,0.882126,0.071679235,13.47
7320,US-xST,45.5089,-89.5864,6047,7,15TYL,7/30/19 22:14,7/30/19,16:31.3,245.85754,0.44052032,0.31641802,0.00324,1.909959735,0.0324,76.888054,0.976,50,292.6,1.08,297.8885,,235.01355,0.68727,103.390686,0.23753898,0.06319509,0.57322705,423.98993,298.30905,0.36913222,0.77986014,148.69397,20.465101,0,,445.44318,,7.8226857,,8.379884,7.7058287,26.203045,2019,20.465101,292.6,0.8783412,0.11765346,19.45
7322,US-xST,45.5089,-89.5864,6093,8,15TYL,8/2/19 21:23,8/2/19,25:29.3,12.908907,0.45066503,1,0.00672,3.70718005,0.0672,66.00851,0.954,21.6794,300.76,2.24,192.7009,,160.84827,0.17059825,72.60092,0.72846794,0.092192054,0.7653819,295.14404,192.95474,0.34760332,0.4716168,114.96833,24.654057,0,,445.78317,,8.344048,,8.84004,7.873158,2.4742708,2019,24.654057,300.76,0.8566403,0.13811043,27.61
7425,US-xST,45.5089,-89.5864,7131,8,15TYL,10/8/19 19:07,10/8/19,09:38.3,167.78127,0.66635513,1,0.00312,1.6239453,0.031199997,116.165955,0.972,41.761326,290.82,1.04,332.5182,,227.70377,0.5307663,151.73158,0.09059026,0.38721138,0.52899,473.63452,333.52914,0.24764964,0,2.256168,17.116177,0,,445.57544,,7.5923553,,8.150779,7.4511757,17.448671,2019,17.116177,290.82,0.6262491,0.12348222,17.67
7427,US-xST,45.5089,-89.5864,7146,7,15TYL,10/9/19 18:18,10/9/19,20:38.3,,,,,,,,0.976,,292.42,1,,,,,,,,,,,,,,,,,445.57526,,7.8356605,,8.361579,7.6663003,15.803655,2019,,292.42,0.59877145,0.124264434,19.27
7520,US-xTR,45.4937,-89.5857,5238,8,15TYL,6/8/19 19:20,6/8/19,21:39.4,326.9774,0.50871164,1,0.00288,4.93908215,0.0288,166.09119,0.978,50,301.96,0.96,671.6531,,554.117,0.75586426,281.13733,0.17085473,0.07417736,0.5482151,818.6832,673.0226,0.28659222,0.5048248,267.34964,23.61214,0,,441.12006,,9.285492,,9.661129,8.663565,7.008279,2019,23.61214,301.96,0.8633167,0.055082362,28.81
7521,US-xTR,45.4937,-89.5857,5253,7,15TYL,6/9/19 18:30,6/9/19,31:58.4,71.07933,0.42669138,1,0.006,4.38619775,0.06,168.3566,0.964,35.3899,296.94,2,523.4034,,426.82578,0.48255062,181.52841,0.43469617,0.08275322,0.6615881,640.17334,524.31555,0.29809353,0.29786044,226.38744,22.759636,0,,440.22974,,8.076568,,8.584494,7.573005,28.59775,2019,22.759636,296.94,0.86330473,0.055080667,23.79
7532,US-xTR,45.4937,-89.5857,5345,8,15TYL,6/15/19 16:46,6/15/19,48:14.4,219.31871,0.41313094,1,0.00468,3.93142685,0.0468,103.813995,0.968,50,287.74,1.56,413.7808,,304.49255,0.3596301,125.829,0.47000924,0.17036062,0.6760399,542.38135,414.5606,0.4467736,0.19846655,255.47713,17.560884,0,,439.51147,,7.0402813,,7.68282,7.016369,20.0227,2019,17.560884,287.74,0.8167692,0.14099088,14.59
7533,US-xTR,45.4937,-89.5857,5345,8,15TYL,6/15/19 16:46,6/15/19,48:14.4,219.31871,0.41313094,1,0.00468,3.93142685,0.0468,103.813995,0.968,50,287.74,1.56,413.7808,,304.49255,0.3596301,125.829,0.47000924,0.17036062,0.6760399,542.38135,414.5606,0.4467736,0.19846655,255.47713,17.560884,0,,439.51147,,7.0402813,,7.68282,7.016369,20.0227,2019,17.560884,287.74,0.8167692,0.14099088,14.59
7536,US-xTR,45.4937,-89.5857,5348,5,15TYL,6/15/19 21:37,6/15/19,39:19.4,268.37033,0.447055,1,0.00384,4.4682262,0.038399998,99.90847,0.966,50,289.76,1.28,424.53174,,323.45688,0.56877,144.58896,0.27382237,0.1574331,0.60217196,555.81934,425.3503,0.40435672,0.6454233,302.5181,19.497175,0,,439.3122,,7.3729453,,7.9555945,7.2218003,23.976097,2019,19.497175,289.76,0.8167692,0.14099088,16.61
7537,US-xTR,45.4937,-89.5857,5348,5,15TYL,6/15/19 21:37,6/15/19,39:19.4,268.37033,0.447055,1,0.00384,4.4682262,0.038399998,99.90847,0.966,50,289.76,1.28,424.53174,,323.45688,0.56877,144.58896,0.27382237,0.1574331,0.60217196,555.81934,425.3503,0.40435672,0.6454233,302.5181,19.497175,0,,439.3122,,7.3729453,,7.9555945,7.2218003,23.976097,2019,19.497175,289.76,0.8167692,0.14099088,16.61
7587,US-xTR,45.4937,-89.5857,5638,5,15TYL,7/4/19 14:00,7/4/19,02:29.4,143.11311,0.40395027,1,0.00696,5.7045226,0.06959999,130.57965,0.92,21.515568,286.62,2.32,467.315,,381.13916,0.47906753,153.87523,0.50112134,0.01981111,0.6717663,479.04797,467.99884,0.300813,0.404247,268.63617,21.967022,0,,440.1438,,7.0654616,,7.696632,6.7028294,7.5273194,2019,21.967022,286.62,0.9101446,0.031440176,13.47
7589,US-xTR,45.4937,-89.5857,5653,6,15TYL,7/5/19 13:11,7/5/19,12:51.4,94.615036,0.7324011,1,0.006,5.37781185,0.06,60.89667,0.95,20.883091,289.6,2,260.91006,,204.65884,0.004723039,150.3938,0.9842938,0.010957975,0.92331034,296.48224,261.29626,0.3445168,0,143.6466,19.660505,0,,440.24008,,7.4126244,,8.060912,7.355269,25.654604,2019,19.660505,289.6,0.9101087,0.030870663,16.45
7596,US-xTR,45.4937,-89.5857,5745,5,15TYL,7/11/19 11:28,7/11/19,30:29.4,,,,,,,,0.972,,286.36,1.16,,,,,,,,,,,,,,,,,441.69308,,7.051543,,7.657879,7.170482,23.893888,2019,,286.36,0.89020145,0.05293968,13.21
7601,US-xTR,45.4937,-89.5857,5986,8,15TYL,7/26/19 23:56,7/26/19,57:45.4,,,,,,,,0.956,,292.64,2.28,,,,,,,,,,,,,,,,,440.185,,7.741229,,8.3042555,7.483942,17.265404,2019,,292.64,0.9019074,0.14086826,19.49
7602,US-xTR,45.4937,-89.5857,5986,8,15TYL,7/26/19 23:56,7/26/19,57:45.4,,,,,,,,0.956,,292.64,2.28,,,,,,,,,,,,,,,,,440.185,,7.741229,,8.3042555,7.483942,17.265404,2019,,292.64,0.9019074,0.14086826,19.49
7604,US-xTR,45.4937,-89.5857,6032,8,15TYL,7/29/19 23:04,7/29/19,06:07.4,147.03932,0.40278155,1,0.0042,2.7695619,0.042,44.204617,0.968,23.040663,292.64,1.4,98.76155,,79.51761,0.32904994,32.031635,0.6104519,0.060511064,0.70856935,168.43907,98.80937,0.36675188,0.07541187,52.37361,21.699278,0,,439.15802,,7.8630033,,8.357095,7.5730104,8.73841,2019,21.699278,292.64,0.8837246,0.14098087,19.49
7606,US-xTR,45.4937,-89.5857,6047,7,15TYL,7/30/19 22:14,7/30/19,16:31.4,232.75493,0.4338193,,,3.4418738,,75.51679,0.972,50,292.8,1.08,298.02435,,235.61588,0.6811545,102.20539,0.2584327,0.06041279,0.5825022,423.4256,298.4504,0.38911217,0.7753784,149.12186,20.555115,0,,440.73837,,7.822579,,8.4038315,7.6567388,26.028225,2019,20.555115,292.8,0.88086545,0.14094912,19.65
7608,US-xTR,45.4937,-89.5857,6093,8,15TYL,8/2/19 21:23,8/2/19,25:29.4,10.0896015,0.4538637,1,0.00672,3.6932432,0.0672,60.647736,0.964,23.341621,301.62,2.24,176.87778,,147.899,0.14870971,67.17937,0.7685509,0.08273942,0.7758991,289.088,177.08038,0.3614279,0.47526354,102.97623,24.613382,0,,440.07022,,8.525073,,8.966623,7.926064,2.5215032,2019,24.613382,301.62,0.8635894,0.1466606,28.47
7617,US-xTR,45.4937,-89.5857,6215,7,15TYL,8/10/19 18:01,8/10/19,03:37.4,367.1526,0.5274104,1,0.00492,5.17116225,0.0492,204.09787,0.966,50,298.5,1.64,616.6869,,491.11615,0.54204345,259.163,0.20200877,0.25611797,0.59242266,783.41046,618.33496,0.31446448,0,50.883476,23.806738,0,,440.77618,,8.423698,,8.950852,7.9320755,20.283754,2019,23.806738,298.5,0.73430085,0.119720235,25.35
7618,US-xTR,45.4937,-89.5857,6215,7,15TYL,8/10/19 18:01,8/10/19,03:37.4,367.1526,0.5274104,1,0.00492,5.17116225,0.0492,204.09787,0.966,50,298.5,1.64,616.6869,,491.11615,0.54204345,259.163,0.20200877,0.25611797,0.59242266,783.41046,618.33496,0.31446448,0,50.883476,23.806738,0,,440.77618,,8.423698,,8.950852,7.9320755,20.283754,2019,23.806738,298.5,0.73430085,0.119720235,25.35
7619,US-xTR,45.4937,-89.5857,6215,7,15TYL,8/10/19 18:01,8/10/19,03:37.4,367.1526,0.5274104,1,0.00492,5.17116225,0.0492,204.09787,0.966,50,298.5,1.64,616.6869,,491.11615,0.54204345,259.163,0.20200877,0.25611797,0.59242266,783.41046,618.33496,0.31446448,0,50.883476,23.806738,0,,440.77618,,8.423698,,8.950852,7.9320755,20.283754,2019,23.806738,298.5,0.73430085,0.119720235,25.35
7629,US-xTR,45.4937,-89.5857,6218,4,15TYL,8/10/19 22:53,8/10/19,54:55.4,177.43544,0.48516,1,0.0054,5.1952252,0.053999998,49.8415,0.97,50,295.16,1.8,197.79942,,156.57669,0.39269248,75.99393,0.32888532,0.2784222,0.6553741,283.09995,198.18443,0.3445475,0.7578025,107.681984,23.430016,0,,440.27634,,8.027536,,8.572866,7.710262,16.711472,2019,23.430016,295.16,0.73430085,0.119720235,22.01
7630,US-xTR,45.4937,-89.5857,6218,4,15TYL,8/10/19 22:53,8/10/19,54:55.4,177.43544,0.48516,1,0.0054,5.1952252,0.053999998,49.8415,0.97,50,295.16,1.8,197.79942,,156.57669,0.39269248,75.99393,0.32888532,0.2784222,0.6553741,283.09995,198.18443,0.3445475,0.7578025,107.681984,23.430016,0,,440.27634,,8.027536,,8.572866,7.710262,16.711472,2019,23.430016,295.16,0.73430085,0.119720235,22.01
7631,US-xTR,45.4937,-89.5857,6218,4,15TYL,8/10/19 22:53,8/10/19,54:55.4,177.43544,0.48516,1,0.0054,5.1952252,0.053999998,49.8415,0.97,50,295.16,1.8,197.79942,,156.57669,0.39269248,75.99393,0.32888532,0.2784222,0.6553741,283.09995,198.18443,0.3445475,0.7578025,107.681984,23.430016,0,,440.27634,,8.027536,,8.572866,7.710262,16.711472,2019,23.430016,295.16,0.73430085,0.119720235,22.01
7702,US-xTR,45.4937,-89.5857,6630,5,15TYL,9/6/19 12:11,9/6/19,12:40.4,,,,,,,,0.954,,280.28,1.76,,,,,,,,,,,,,,,,,441.5282,,6.2471,,6.967977,6.5373125,27.792336,2019,,280.28,0.84581983,0.046524674,7.13
7703,US-xTR,45.4937,-89.5857,6630,5,15TYL,9/6/19 12:11,9/6/19,12:40.4,,,,,,,,0.954,,280.28,1.76,,,,,,,,,,,,,,,,,441.5282,,6.2471,,6.967977,6.5373125,27.792336,2019,,280.28,0.84581983,0.046524674,7.13
7735,US-xUK,39.0404,-95.1921,5761,5,15SUD,7/12/19 12:16,7/12/19,55:57.9,,,,,,,,0.974,,292.94,1.96,,,,,,,,,,,,,,,,,295.75125,,7.932207,,8.479945,7.748573,24.28432,2019,,292.94,0.8683302,0.10187382,19.79
7743,US-xUK,39.0404,-95.1921,6108,5,15SUD,8/3/19 20:32,8/3/19,11:53.9,498.5692,0.47870767,1,0.00744,3.61118475,0.0744,148.08185,0.962,50,299.96,2.48,559.6253,,489.36334,0.6008626,231.88455,0.25403562,0.14548162,0.601058,680.22003,560.51874,0.3061324,0.83725256,306.02585,28.896776,0,,295.69843,,8.526817,,8.914354,7.843127,5.9009676,2019,28.896776,299.96,0.8177778,0.11857569,26.81
7764,US-xUK,39.0404,-95.1921,7516,7,15SUD,11/2/19 15:01,11/2/19,40:54.9,71.36073,0.665149,1,0.0024,1.33860585,0.024,41.062202,0.976,0,276.06,0.8,149.44518,,66.31732,0.39821225,46.134956,0.2773716,0.36397868,0.7153041,253.0539,150.89388,0.26511195,0.43606097,69.22132,1.2740476,0,,295.65048,,5.6449556,,6.3365564,6.098812,22.584354,2019,1.2740476,276.06,0.6023008,0.066146106,2.91
7769,US-xUK,39.0404,-95.1921,7985,4,15SUD,12/2/19 20:23,12/2/19,03:06.9,341.9877,0.813346,1,0.0024,1.7899311,0.024,100.88938,0.97,0,274.3,0.8,191.50374,,101.06197,0.51398736,82.42085,0.023909185,0.46205884,0.4202231,309.85672,208.79025,0.30223155,0.82906556,144.46413,5.1913633,0,,295.55676,,5.555856,,6.1359286,5.8480563,18.42712,2019,5.1913633,274.3,0.48911658,0.10969757,1.15
7782,US-xUK,39.0404,-95.1921,8325,8,15SUD,12/24/19 18:48,12/24/19,27:13.9,419.04752,0.71312124,,,0.99936485,,118.21905,0.956,0,281.24,0.84,184.0671,,144.04959,0.2281988,100.92665,0.09289329,0.6790879,0.5999361,317.59836,248.95255,0.2819922,0.59370416,122.44498,12.657937,0,,296.44278,,6.4425898,,6.975626,6.4239902,23.378468,2019,12.657937,281.24,0.39735717,0.059554987,8.09
7827,US-xUK,39.0404,-95.1921,10994,7,15SUD,6/13/20 22:44,6/13/20,23:15.9,239.78275,0.43738592,1,0.00672,4.1890162,0.0672,82.308464,0.974,50,302.48,2.24,301.38672,,269.7554,0.6462574,118.182785,0.31260782,0.04684399,0.60921586,401.2954,301.38672,0.30173817,0.81337243,169.5224,29.333225,0,,297.09506,,8.930073,,9.330113,8.230346,26.964445,2020,29.333225,302.48,0.8898383,0.11542435,29.33
7858,US-xUK,39.0404,-95.1921,11909,6,15SUD,8/11/20 23:08,8/11/20,47:44.9,1000,0.47106045,1,0.008760001,3.12011755,0.0876,382.363,0.962,50,299.58,2.92,182.51494,,156.38757,0.32233402,73.077614,0.4393202,0.23881117,0.6969274,247.09161,182.51494,0.30794114,0.87845385,101.65158,29.102583,0,,296.19656,,8.610854,,9.02407,7.999105,1.2611378,2020,29.102583,299.58,0.7618812,0.16285838,26.43
7953,US-xUK,39.0404,-95.1921,16672,8,15SUD,6/14/21 21:57,6/14/21,36:45.9,,,,,,,,0.932,,295.92,1.88,,,,,,,,,,,,,,,,,296.34848,,8.335989,,8.727467,7.639165,25.181248,2021,,295.92,0.88798267,0.09946413,22.77
7959,US-xUK,39.0404,-95.1921,16806,4,15SUD,6/23/21 11:33,6/23/21,12:29.9,,,,,,,,0.964,,290.26,1.88,,,,,,,,,,,,,,,,,295.69662,,7.579109,,8.133173,7.4514327,9.222123,2021,,290.26,0.86963665,0.10773062,17.11
7961,US-xUK,39.0404,-95.1921,16810,8,15SUD,6/23/21 18:03,6/23/21,42:58.9,658.23425,0.8400702,1,0.00732,6.24996415,0.0732,193.73781,0.958,50,303.86,2.44,669.1147,,588.03046,0.82081187,496.88046,0.1340562,0.03991641,0.58573127,821.89325,671.00024,0.24836558,0.046509,207.17328,28.48504,0,,296.11203,,9.016659,,9.391277,8.138378,18.6609,2021,28.48504,303.86,0.86963665,0.10773062,30.71
8175,US-xUN,46.2339,-89.5373,12274,4,15TYM,9/4/20 12:09,9/4/20,11:20.0,,,,,,,,0.978,,279.62,1.08,,,,,,,,,,,,,,,,,495.53247,,6.158949,,6.790765,6.453102,16.98495,2020,,279.62,0.8391488,0.13355924,6.47