,tower,lat,lon,orbit,scene,tile,date_UTC,doy,time_solar,AOT,COT,vapor_gccm,ozone_cm,SZA,KG,BESSinst,ESI,ESIdaily,ESIdailyUncertainty,ETdaily,ETdailyUncertainty,ETinstUncertainty,EmisWB,GPP,LST,LST_err,MOD16inst,NDVI-UQ,PET,PTJPLSMcanopy,PTJPLSMinst,PTJPLSMinterception,PTJPLSMsoil,RH,Rg,Rn,SM,STICcanopy,STICinst,Ta,WUE,albedo-UQ,height,radiance_1,radiance_2,radiance_3,radiance_4,radiance_5,view_zenith,year,Ta_C,ST_K,NDVI,albedo,ST_C,elevation_km,Ra,UV,VIS,NIR,VISdiff,NIRdiff,VISdir,NIRdir,SWout,LWin,LWout,hour_of_day,Topt,fAPARmax,LE_insitu,H_insitu,Rn_insitu,G_insitu,SWin_insitu,SWout_insitu,LWin_insitu,LWout_insitu,tm,puv,pvis,pnir,fduv,fdvis,fdnir
0,US-Ha2,42.5393,-72.1779,9254,9,18TYN,2020-02-22,53,2020-02-21 19:11:17.304,0.0881947949528694,-0.003143185051158,0.4182121157646179,0.3717343211174011,110.4064818988766,4.0,112.87177,0.99999994,,,0.9437895,,93.748764,0.972,6.4226155,274.04,0.64,313.85596,,123.32103,0.0,123.32102,0.8497281,0.15027189,1.0,0.0,0.0,0.2840934,0.0,71.09868,-2.5125194,0.0,,344.78705,,5.415923,,6.1273494,5.9044566,6.19539,2020,-2.5125194,274.04,0.7163455,0.027716992,0.89,0.058,0.0,0.0,0.0,0.0,0.0,0.0,0.0,0.0,0.0,223.48250960082584,310.8374078931297,19,0.0,0.5545,23.77,,,,-1.68,0.758,266.0,307.0,0.18658029,0.084155455,0.4019859,0.5208123,1.0,0.915,1.0
1,US-Ha2,42.5393,-72.1779,10150,9,18TYN,2020-04-20,111,2020-04-19 19:11:17.304,0.237341970205307,3.00202751159668,1.4754934310913086,0.37161785364151,95.12833440171975,4.0,0.0,0.0,1.0,0.00252,0.005,0.025199998,0.0,0.94,5.264951,308.54,0.84,0.0,,0.0,0.0,0.0,0.0,0.0,0.6304005,0.0,0.0,0.28666002,0.0,0.0,4.8228507,0.0,,343.32736,,10.12103,,9.864844,9.096849,28.344906,2020,4.8228507,308.54,0.7082878,0.0364383,35.39,0.058,0.0,0.0,0.0,0.0,0.0,0.0,0.0,0.0,0.0,249.47081713691205,483.04204321945537,19,0.0,0.5545,37.98,100.2,128.8,,-4.61,2.3,257.0,354.0,0.14499143,0.07920725,0.43619365,0.4849565,0.9988369,0.563952951306135,0.99898505
2,US-Ha2,42.5393,-72.1779,10352,9,18TYN,2020-05-03,124,2020-05-02 19:11:17.304,0.1074835807085037,2.628000259399414,1.590333342552185,0.3278409540653229,92.1472573426848,4.0,40.53043,0.9292676,,,0.71864605,,9.856022,0.966,6.9670157,286.32,1.48,61.88599,,39.366978,0.43428555,36.44086,0.40901783,0.14989524,0.8149739,0.0,0.0,0.276035,0.38111606,46.453644,11.62933,0.0,,344.5768,,6.7777114,,7.4581895,6.885617,1.1620464,2020,11.62933,286.32,0.73797673,0.07705091,13.17,0.058,0.0,0.0,0.0,0.0,0.0,0.0,0.0,0.0,0.0,293.3581539342608,368.1247746729016,19,0.0,0.5545,68.06,152.3,261.3,,-4.05,0.952,316.0,419.0,0.15910247,0.08599331,0.5075956,0.40608507,0.9986077,0.5447264620361043,0.9985429
3,US-Ha2,42.5393,-72.1779,10684,7,18TYN,2020-05-24,145,2020-05-23 19:11:17.304,0.0943385139107704,0.0012606707168743,1.9106597900390625,0.3176257908344269,88.45177539985272,4.0,,,,,,,,0.978,,288.76,1.4,,,,,,,,,8.105838105655609,,,,,,,,343.73755,,7.2399426,,7.8334427,7.2160645,2.5339785,2020,,288.76,0.814637,0.08179149,15.61,0.058,35.081858982424485,0.5924621849460012,3.964455093304035,3.5393864925107223,3.6271616021443713,3.519071515241382,0.33729349115966345,0.020314977269340506,0.6629885763603497,,385.5654990775223,19,0.0,0.5545,,,,,-0.525,0.463,381.0,425.0,0.23105498,0.0730908,0.4890864,0.43664658,0.99987507,0.9149205923080445,0.9942603
4,US-Ha2,42.5393,-72.1779,11069,8,18TYN,2020-06-18,170,2020-06-17 19:11:17.304,0.0504743196070194,0.0387958772480487,1.4941413402557373,0.3338151276111603,86.47142400839097,4.0,300.98196,0.79822886,1.0,0.006,5.2757643,0.06,107.855194,0.974,35.481125,301.18,2.0,570.12616,,492.40936,0.87300617,392.2633,0.11888072,0.007476151,0.5566634,19.59054481601242,0.0,0.1465698,0.8101111,309.87787,26.243547,0.0,,342.3835,,8.72701,,9.1975565,8.165065,19.196161,2020,26.243547,301.18,0.90029097,0.115091234,28.03,0.058,79.43209118495886,1.3868339394598044,9.35372307009896,8.820492750899627,7.418504638838242,8.696524810766345,1.9352184312607177,0.12396794013328183,2.254700386283621,380.0294330107928,454.43801175827673,19,0.0,0.5545,122.2,292.5,657.6,,10.0,2.32,310.0,408.0,0.24663262,0.070790984,0.4774611,0.45024234,0.99314815,0.7931071492326912,0.98594546
5,US-Ha2,42.5393,-72.1779,11084,9,18TYN,2020-06-19,171,2020-06-18 19:11:17.304,0.0662656873464584,15.98914623260498,3.4774329662323,0.3149583339691162,86.4541724132588,4.0,365.27325,0.81606174,1.0,0.00528,2.431294,0.0528,235.27469,0.948,38.60171,297.76,1.76,659.4489,,571.0416,0.8796811,466.10544,0.10843119,0.011887695,0.54709166,5.813276678942023,0.0,0.18505152,0.0,3.7182782,26.553339,0.0,,341.69525,,8.434319,,8.843798,7.838355,19.875446,2020,26.553339,297.76,0.90262717,0.12387139,24.61,0.058,79.81033889450345,0.5889839461163701,3.2401387869923135,1.9816718919472576,2.964726990097967,1.9816418902675657,0.2754117968943466,3.0001679691915584e-05,0.7200985153590097,381.5988024253263,422.5566480772398,19,0.0,0.5545,180.8,301.5,757.1,,1.42,0.2,383.0,385.0,0.07283864,0.10131703,0.55736876,0.34088725,0.9999146,0.915,0.99998486
6,US-Ha2,42.5393,-72.1779,11111,7,18TYN,2020-06-21,173,2020-06-20 19:11:17.304,0.1434660851955413,24.729324340820312,3.479378461837769,0.3253084421157837,86.43440996399066,4.0,138.62682,0.9154473,1.0,0.00588,5.13012635,0.0588,16.326181,0.968,16.931982,294.22,1.96,156.84442,,124.36382,0.35426044,114.34515,0.6320001,0.011935064,0.87469935,3.7890977506390007,0.0,0.19521125,0.15400438,145.43298,19.946375,0.0,,344.604,,7.863628,,8.406895,7.7006407,15.823526,2020,19.946375,294.22,0.9041179,0.13302732,21.07,0.058,80.23764567145669,0.39662881301035796,2.0936161173198258,1.2954265394109312,1.9156587473476407,1.2953550397666818,0.17795736997218503,7.149964424946198e-05,0.5040536780375335,353.26694032205273,411.31571261677885,19,0.0,0.5545,41.06,50.38,167.9,,7.59,1.58,358.0,422.0,0.04722344,0.10467632,0.55253685,0.3418826,0.9997348,0.915,0.9999448
7,US-Ha2,42.5393,-72.1779,11130,8,18TYN,2020-06-22,174,2020-06-21 19:11:17.304,0.1389223933219909,43.26383209228516,3.818675994873047,0.3170215487480163,86.43190407423221,4.0,12.111602,0.8234355,1.0,0.00756,6.23573825,0.0756,234.34837,0.946,3.9012663,305.66,2.52,652.9692,,571.39923,0.8343489,470.09558,0.14022923,0.023921145,0.587686,2.2517800432632735,0.0,0.18328612,0.57633615,336.7129,27.537062,0.0,,344.2863,,8.756077,,9.173039,8.056535,17.22896,2020,27.537062,305.66,0.88128084,0.052665044,32.51,0.058,80.28668843990847,0.2522521532881732,1.2944595655235789,0.7023643307351859,1.1831374375568384,0.7017809953007215,0.11132212796674046,0.000583335434464427,0.1185902210700009,393.0138088234231,468.2273196405299,19,0.0,0.5545,225.7,338.2,786.0,,22.7,6.24,413.0,423.0,0.028046742,0.11202344,0.5748606,0.31191516,0.99919957,0.914001077413559,0.99916947
8,US-Ha2,42.5393,-72.1779,11145,9,18TYN,2020-06-23,175,2020-06-22 19:11:17.304,0.1239195019006729,22.45074462890625,3.606544494628906,0.3173749446868896,86.43431524043191,4.0,107.70536,0.821223,1.0,0.00636,5.14191615,0.063599996,285.60895,0.942,10.844273,297.84,2.12,715.09717,,631.38635,0.8558444,516.838,0.1264963,0.017554061,0.569815,3.7395535432309406,0.0,0.18793055,0.6149009,19.285522,27.807955,0.0,,343.54108,,8.359377,,8.883454,7.732497,21.534407,2020,27.807955,297.84,0.89397,0.07113754,24.69,0.058,80.22603630428735,0.3949875423311016,2.1126897106244518,1.2282770692673535,1.9331110852213735,1.2282770692673535,0.17957862540307823,0.0,0.2660227248058945,393.6111897561557,420.3336644743661,19,0.0,0.5545,182.4,251.5,629.3,,9.69,1.98,326.0,414.0,0.046612717,0.10562425,0.56495774,0.32845554,0.9999291,0.915,1.0
9,US-Ha2,42.5393,-72.1779,11172,9,18TYN,2020-06-25,177,2020-06-24 19:11:17.304,0.0809153541922569,1.539964199066162,2.1939456462860107,0.3137141168117523,86.45387792072722,4.0,,,,,,,,0.958,,283.26,1.56,,,,,,,,,14.767652824485946,,,,,,,,344.43027,,6.6690335,,7.28428,6.740984,17.824997,2020,,283.26,0.9051902,0.10961254,10.11,0.058,79.77598633009629,1.2038152467454843,7.589262001816333,5.970756188275901,3.684982619443505,5.954293669121515,3.9042793823728275,0.016462519154385902,1.6187203268373886,,349.7177621737976,19,0.0,0.5545,,,,,12.4,1.79,323.0,401.0,0.18511401,0.08151703,0.5139112,0.40431315,0.99760294,0.48555216812406543,0.9972428
10,US-Ha2,42.5393,-72.1779,11313,8,18TYN,2020-07-04,186,2020-07-03 19:11:17.304,0.2984087765216827,67.89544677734375,3.856054782867432,0.3080978393554687,86.78338452388029,4.0,236.96555,0.88214296,1.0,0.00516,3.7621635,0.051599998,48.970062,0.962,19.33725,290.66,1.72,325.24744,,249.06741,0.5570273,219.71307,0.41099745,0.029636104,0.78104734,1.488699743822398,0.0,0.21438378,0.11800835,317.2344,18.707645,0.0,,345.04053,,7.517952,,8.071396,7.339207,11.231974,2020,18.707645,290.66,0.88104045,0.12842523,17.51,0.058,72.36479076457483,0.14044013538167774,0.826611785574702,0.5205200432887005,0.7556725625948874,0.5202532247431038,0.0709392229798147,0.00026681854559673646,0.1911866070013325,339.0984031658071,389.3384784095954,19,0.0,0.5545,28.83,63.33,267.0,,9.12,2.85,333.0,414.0,0.020572156,0.09433745,0.55525756,0.34964743,0.99972844,0.9141807264089584,0.9994874
11,US-Ha2,42.5393,-72.1779,11645,7,18TYN,2020-07-25,207,2020-07-24 19:11:17.304,0.0973971635103225,0.4827753603458404,2.254345417022705,0.3221421539783478,89.01003552284529,4.0,144.50807,0.81439555,1.0,0.00492,5.9054467,0.0492,28.03661,0.966,15.199834,297.34,1.64,165.6629,,143.2915,0.8529302,116.69596,0.13823767,0.010313977,0.5812217,4.68174409514341,0.0,0.17234899,0.9023444,91.346664,26.107592,0.0,,343.54968,,8.45647,,8.966947,8.02363,7.5987687,2020,26.107592,297.34,0.9024982,0.13480766,24.19,0.058,22.347254218654154,0.3592080651348864,2.343915965262806,1.9867545845627994,1.0546497761888776,1.9840041662585315,1.2892661890739285,0.002750418304267921,0.6311349661851006,381.090580159304,428.1556241079645,19,0.0,0.5545,115.2,62.76,272.0,,1.65,1.14,354.0,422.0,0.20949975,0.07672527,0.50065017,0.42436206,0.9988856,0.4499520425727496,0.9986156
12,US-Ha2,42.5393,-72.1779,11706,7,18TYN,2020-07-29,211,2020-07-28 19:11:17.304,0.0643142983317375,0.0235195718705654,2.659468412399292,0.3065185546875,89.64406442873387,4.0,21.763159,0.7901458,1.0,0.00636,3.84130205,0.063599996,114.17287,0.964,2.7176647,300.18,2.12,333.08273,,294.00842,0.88866913,232.72806,0.10666265,0.00445547,0.5400661,1.8126261895083717,0.0,0.13617004,0.8463802,227.00558,27.96613,0.0,,344.74384,,8.599213,,9.070973,7.9363494,5.523331,2020,27.96613,300.18,0.9033745,0.13086593,27.03,0.058,8.04345546844031,0.14244910297957017,0.9251480879300127,0.7443367127697484,0.8462115993626752,0.7411326056403993,0.07893648856733748,0.003204107129349154,0.2372110434027194,392.13850465770815,443.8285396065612,19,0.0,0.5545,293.1,184.2,493.5,,1.26,1.66,423.0,425.0,0.22535416,0.07858714,0.510391,0.41063994,0.99982554,0.9146769154071808,0.99569535
13,US-Ha2,42.5393,-72.1779,11862,11,18TYN,2020-08-08,221,2020-08-07 19:11:17.304,0.2001703381538391,12.56296730041504,3.5228257179260254,0.3032028079032898,91.48028229239156,4.0,,,,,,,,0.966,,296.1,1.92,,,,,,,,,0.0,,,,,,,,344.84042,,8.163058,,8.680453,7.7689753,1.2882493,2020,,296.1,0.93332154,0.11703958,22.95,0.058,0.0,0.0,0.0,0.0,0.0,0.0,0.0,0.0,0.0,,421.058010735517,19,0.0,0.5545,,,,,-3.39,0.754,326.0,404.0,0.087735906,0.09119095,0.5021837,0.4064358,0.9991884,0.8704649001452577,0.9992343
14,US-Ha2,42.5393,-72.1779,11889,9,18TYN,2020-08-10,223,2020-08-09 19:11:17.304,0.2012852728366851,13.680046081542969,3.424923658370972,0.3079285323619842,91.88666681206468,4.0,105.912796,0.80285054,1.0,0.00624,6.00117225,0.062399995,194.45526,0.926,9.147849,292.78,2.08,646.64105,,568.1375,0.8412701,454.99124,0.15859672,0.0,0.5968108,0.0,3.4665565207430404,0.1458395,0.0,402.11765,26.975048,0.0,,344.49683,,7.738635,,8.386946,7.389204,4.805344,2020,26.975048,292.78,0.93164396,0.11922149,19.63,0.058,0.0,0.0,0.0,0.0,0.0,0.0,0.0,0.0,0.0,389.2892697814914,385.82271326074834,19,0.0,0.5545,201.0,282.3,663.2,,-1.1,2.02,407.0,412.0,0.08283485,0.09178357,0.5027502,0.4053686,0.9993005,0.8948157629651459,0.9993633
15,US-Ha2,42.5393,-72.1779,12045,8,18TYN,2020-08-20,233,2020-08-19 19:11:17.304,0.0605985708534717,29.491792678833008,2.085841417312622,0.3250710666179657,94.08572535044073,4.0,294.6671,0.80120033,1.0,0.00408,4.2659791,0.040799998,199.98715,0.97,30.083788,292.0,1.36,565.0575,,459.1623,0.9340877,367.53885,0.0586682,0.006028839,0.46708077,0.0,0.0,0.15968221,0.0,8.159693,21.867529,0.0,,344.65482,,7.6579275,,8.258035,7.487427,2.2289126,2020,21.867529,292.0,0.90833116,0.1508014,18.85,0.058,0.0,0.0,0.0,0.0,0.0,0.0,0.0,0.0,0.0,340.1195490355431,399.8658527916333,19,0.0,0.5545,213.0,325.7,724.4,,-0.422,1.2,416.0,417.0,0.038640164,0.11144392,0.5615877,0.32682478,0.9996834,0.9147571957111359,0.9992336
16,US-Ha2,42.5393,-72.1779,12167,9,18TYN,2020-08-28,241,2020-08-27 19:11:17.304,0.9104353189468384,17.07076644897461,3.395973920822144,0.2944883704185486,96.013078511468,4.0,295.30405,0.7853454,1.0,0.0042,4.08159625,0.042,79.133095,0.954,25.186275,291.24,1.4,476.4203,,383.43073,0.81268513,302.2213,0.17937942,0.008522591,0.6157341,0.0,0.0,0.12904672,0.6634466,314.4463,21.726105,0.0,,342.65668,,7.5619507,,8.176126,7.3050246,3.6893504,2020,21.726105,291.24,0.8907377,0.16688636,18.09,0.058,0.0,0.0,0.0,0.0,0.0,0.0,0.0,0.0,0.0,350.610215761892,389.1917652030269,19,0.0,0.5545,94.67,109.4,402.2,,-4.58,0.84,311.0,395.0,0.050995044,0.07909275,0.48996213,0.4291115,0.9995376,0.9143223077058793,0.9998623
17,US-Ha2,42.5393,-72.1779,12743,9,18TYN,2020-10-04,278,2020-10-03 19:11:17.304,0.0805394202470779,0.3154704868793487,1.2209668159484863,0.2959953844547272,105.81062460036075,4.0,124.33132,0.770077,,,1.5604949,,115.33945,0.938,15.32677,284.64,1.28,380.35138,,279.4115,0.9538061,215.13716,0.034458645,0.011794937,0.40982836,0.0,0.0,0.12254296,0.6530081,82.33028,17.141027,0.0,,344.83676,,6.6238923,,7.260374,6.272776,9.413753,2020,17.141027,284.64,0.83036953,0.032843072,11.49,0.058,0.0,0.0,0.0,0.0,0.0,0.0,0.0,0.0,0.0,305.5163374749531,349.1384983687676,19,0.0,0.5545,123.1,139.8,462.8,,-4.39,1.61,253.0,347.0,0.18338585,0.087497905,0.48226422,0.4332712,1.0,0.4691998114453986,1.0
18,US-Ha2,42.5393,-72.1779,12758,8,18TYN,2020-10-05,279,2020-10-04 19:11:17.304,0.1895320117473602,1.3635624647140503,1.7240827083587646,0.2896422743797302,106.0749561322456,4.0,222.56302,0.78186953,1.0,0.0042,3.3169721,0.042,109.390594,0.966,17.556622,288.4,1.4,518.0882,,387.86874,0.92213583,303.35175,0.049222004,0.026832396,0.4513983,0.0,0.0,0.13783805,0.8223837,383.82672,18.44303,0.0,,345.7596,,7.0810695,,7.705423,6.951297,28.585787,2020,18.44303,288.4,0.81862456,0.03284198,15.25,0.058,0.0,0.0,0.0,0.0,0.0,0.0,0.0,0.0,0.0,316.41189894962014,378.9390211687609,19,0.0,0.5545,56.77,102.3,293.5,,-3.95,1.03,280.0,370.0,0.14824374,0.08758625,0.4796974,0.4340437,1.0,0.47746126602705885,1.0
19,US-Ha2,42.5393,-72.1779,12804,9,18TYN,2020-10-08,282,2020-10-07 19:11:17.304,0.0938874632120132,0.3492354452610016,1.7263551950454712,0.2923404574394226,106.86185536343324,4.0,133.37726,0.7482561,1.0,0.00252,3.3159287,0.025199998,134.81564,0.978,13.71339,284.42,0.84,492.44537,,340.21274,0.97360355,254.56625,0.024214257,0.002182185,0.37488574,0.0,0.0,0.101332396,0.84003353,375.64566,14.619561,0.0,,343.6724,,6.745552,,7.360841,6.878972,10.191639,2020,14.619561,284.42,0.7968255,0.08952055,11.27,0.058,0.0,0.0,0.0,0.0,0.0,0.0,0.0,0.0,0.0,288.88171247819866,362.9030025969678,19,0.0,0.5545,138.2,,526.8,,-4.48,1.78,264.0,361.0,0.17310971,0.09170117,0.4986199,0.41271967,1.0,0.4633257488432741,1.0
20,US-Ha2,42.5393,-72.1779,12819,7,18TYN,2020-10-09,283,2020-10-08 19:11:17.304,0.040773905813694,1.683426603449334e-06,0.8115083575248718,0.286106139421463,107.1218760521678,4.0,129.38638,0.7688677,,,2.1552985,,118.74164,0.97,14.935748,284.54,1.0,455.3086,,296.22137,0.9640245,226.31848,0.029999595,0.005975936,0.3949692,0.0,0.0,0.11657277,0.7654815,272.37784,11.517312,0.0,,344.81958,,6.6196666,,7.2974296,6.8732085,28.575914,2020,11.517312,284.54,0.8425282,0.07297123,11.39,0.058,0.0,0.0,0.0,0.0,0.0,0.0,0.0,0.0,0.0,273.6480336412026,360.5422970378344,19,0.0,0.5545,155.3,,501.6,,-3.72,1.86,269.0,350.0,0.19714376,0.0831836,0.43233305,0.49151063,1.0,0.915,1.0
21,US-Ha2,42.5393,-72.1779,12838,9,18TYN,2020-10-10,284,2020-10-09 19:11:17.304,0.2746190428733825,5.493587493896484,1.6466271877288818,0.2833012640476227,107.38063334970832,4.0,,,,,,,,0.972,,291.46,1.6,,,,,,,,,0.0,,,,,,,,343.22705,,7.632049,,8.219862,7.489494,3.940314,2020,,291.46,0.80582994,0.08379275,18.31,0.058,0.0,0.0,0.0,0.0,0.0,0.0,0.0,0.0,0.0,,397.7345198445269,19,0.0,0.5545,,,,,-1.88,0.854,307.0,347.0,0.120369785,0.08695098,0.43485597,0.4784184,0.9999523,0.6706878993587605,1.0
22,US-Ha2,42.5393,-72.1779,13021,9,18TYN,2020-10-22,296,2020-10-21 19:11:17.304,0.1623110771179199,8.86286449432373,2.725414752960205,0.3053974211215973,110.36011121794274,4.0,206.83214,0.80586666,,,1.7121899,,68.4537,0.962,15.216166,292.48,1.8,363.00983,,278.30136,0.8105186,223.98094,0.10322705,0.08624304,0.55625564,0.0,0.0,0.15760261,0.81328386,195.25851,21.242327,0.0,,343.37445,,7.6242228,,8.177638,7.314168,3.481112,2020,21.242327,292.48,0.73806614,0.12304779,19.33,0.058,0.0,0.0,0.0,0.0,0.0,0.0,0.0,0.0,0.0,342.80184574148427,399.1819971085535,19,0.0,0.5545,81.16,125.4,339.1,,-0.269,0.0327,352.0,355.0,0.08406031,0.11190323,0.52208525,0.36543524,0.9998595,0.7779758246899913,0.9994743
23,US-Ha2,42.5393,-72.1779,13597,9,18TYN,2020-11-28,333,2020-11-27 19:11:17.304,0.1306214779615402,17.538597106933594,1.1206848621368408,0.2651195824146271,117.03636188979353,4.0,,,,,,,,0.972,,277.18,0.92,,,,,,,,,0.0,,,,,,,,341.8414,,5.798264,,6.487722,6.1133413,2.2598126,2020,,277.18,0.6778266,0.10673353,4.03,0.058,0.0,0.0,0.0,0.0,0.0,0.0,0.0,0.0,0.0,,325.33066806593524,19,0.0,0.5545,,,,,-3.27,1.0,213.0,289.0,0.045870572,0.122695796,0.54247224,0.33469963,0.99927527,0.913366579413414,0.9982172
24,US-Ha2,42.5393,-72.1779,15428,9,18TYN,2021-03-26,85,2021-03-25 19:11:17.304,0.1919984966516494,2.16483211517334,1.4124293327331543,0.2940995097160339,101.98200749154002,4.0,,,,,,,,0.912,,274.24,1.44,,,,,,,,,0.0,,,,,,,,344.23242,,5.6351147,,6.410901,5.7916393,4.809436,2021,,274.24,0.72942895,0.087301224,1.09,0.058,0.0,0.0,0.0,0.0,0.0,0.0,0.0,0.0,0.0,,292.5022543963242,19,0.0,0.5545,,,,,-0.0972,-0.13,336.0,334.0,0.15468043,0.08405262,0.46759337,0.44916803,0.9997878,0.5212398708711752,0.9999305
25,US-Ha2,42.5393,-72.1779,15489,10,18TYN,2021-03-30,89,2021-03-29 19:11:17.304,0.0916568487882614,0.0,0.473672866821289,0.3710461556911468,100.88778001841082,4.0,99.47554,0.8945187,,,2.204261,,89.6694,0.974,8.514742,286.0,0.72,335.90305,,204.97754,0.72267634,183.34045,0.04077093,0.23607117,0.4644537,0.0,0.0,0.21981312,0.8037859,139.12468,11.371545,0.0,,344.16684,,6.9376698,,7.5564833,7.0246515,5.7500772,2021,11.371545,286.0,0.64847386,0.10808246,12.85,0.058,0.0,0.0,0.0,0.0,0.0,0.0,0.0,0.0,0.0,276.35307275947,369.5168676172435,19,0.0,0.5545,89.17,335.0,448.4,,-4.27,0.86,222.0,322.0,0.20455155,0.076896414,0.40368772,0.5242879,1.0,0.915,1.0
26,US-Ha2,42.5393,-72.1779,15550,9,18TYN,2021-04-03,93,2021-04-02 19:11:17.304,0.0988761484622955,3.281041383743286,0.4392134249210357,0.460883229970932,99.80086403787963,4.0,111.82093,0.8872864,1.0,0.0018,2.78270995,0.018000001,154.81425,0.968,8.175176,281.44,0.6,523.811,,266.38544,0.7394676,237.17616,0.015481059,0.2451395,0.36345565,0.0,0.0,0.23026036,0.74878114,202.25725,4.775162,0.0,,342.68826,,6.29755,,6.9776816,6.583826,6.736445,2021,4.775162,281.44,0.64174014,0.1077068,8.29,0.058,0.0,0.0,0.0,0.0,0.0,0.0,0.0,0.0,0.0,240.73071635313025,344.37357897202713,19,0.0,0.5545,43.05,412.9,637.1,,-1.5,0.23,338.0,364.0,0.13764088,0.091291755,0.4518223,0.4563812,0.9993765,0.5773222045321615,0.9992765
27,US-Ha2,42.5393,-72.1779,15871,5,18TYN,2021-04-24,114,2021-04-23 19:11:17.304,0.102848932147026,0.0,0.8546398282051086,0.4151755273342132,94.40360162375606,4.0,,,,,,,,0.938,,308.5,1.0,,,,,,,,,0.0,,,,,,,,343.64777,,9.183499,,10.293876,9.104933,25.10857,2021,,308.5,0.5951485,0.099524975,35.35,0.058,0.0,0.0,0.0,0.0,0.0,0.0,0.0,0.0,0.0,,481.7643839986827,19,0.0,0.5545,,,,,-1.24,0.188,294.0,322.0,0.21232952,0.07233957,0.40248102,0.52730036,1.0,0.915,1.0
28,US-Ha2,42.5393,-72.1779,15905,12,18TYN,2021-04-26,116,2021-04-25 19:11:17.304,0.265817642211914,16.231544494628906,1.1402544975280762,0.3871679008007049,93.93177921093437,4.0,145.10695,0.79090333,,,2.145907,,214.00035,0.97,7.0959096,281.48,0.8,582.24554,,297.95514,0.7715071,236.09113,0.03632458,0.19239241,0.4415799,0.0,0.0,0.17006725,0.0,1.2966785,5.355816,0.0,,343.80392,,6.236531,,6.9553795,6.5256824,27.561142,2021,5.355816,281.48,0.6139189,0.102815636,8.33,0.058,0.0,0.0,0.0,0.0,0.0,0.0,0.0,0.0,0.0,245.95643708480415,345.2813190028943,19,0.0,0.5545,39.37,,655.2,,-1.42,0.717,326.0,354.0,0.06811211,0.0898441,0.46333754,0.44658124,0.9994925,0.9146161597967148,0.999596
29,US-Ha2,42.5393,-72.1779,16469,10,18TYN,2021-06-01,152,2021-05-31 19:11:17.304,0.0835242196917533,4.101302146911621,1.8164142370224,0.3540680706501007,87.60699721931293,4.0,231.7239,0.83673793,1.0,0.00432,3.57853755,0.0432,66.65657,0.964,24.695623,290.72,1.44,402.87784,,317.05792,0.8743914,262.77563,0.06300529,0.06260334,0.4915863,7.697689521934597,0.0,0.21408345,0.8259012,278.9557,20.428516,0.0,,345.0221,,7.437059,,8.033682,7.182684,20.92649,2021,20.428516,290.72,0.84191245,0.09335594,17.57,0.058,54.09262319971873,0.6775183757473423,3.9109586308787585,3.0999534523641428,2.3996271036330765,3.0928038991316056,1.511331527245682,0.007149553232537187,0.718625041148355,332.3066478381953,390.47016154737264,19,0.0,0.5545,250.0,296.4,649.1,,0.0901,0.122,341.0,344.0,0.14230572,0.08801581,0.50806916,0.4027122,0.99800515,0.6135649415176506,0.99769366
30,US-Ha2,42.5393,-72.1779,16545,9,18TYN,2021-06-06,157,2021-06-05 19:11:17.304,0.1580537557601928,6.291106224060059,3.304394483566284,0.3281721472740173,87.13777726188864,4.0,320.03006,0.83992064,1.0,0.006,5.34121285,0.06,143.7895,0.972,32.907112,304.24,2.0,656.4828,,570.99945,0.8347138,479.59424,0.11610399,0.049182195,0.5647441,8.021242173166561,0.0,0.23271056,0.4131186,269.84036,27.764936,0.0,,342.8709,,9.080948,,9.524363,8.392868,16.72441,2021,27.764936,304.24,0.8580071,0.09422539,31.09,0.058,64.60335225682363,0.6839611205754258,3.950071695371969,3.378336895644862,2.757085426151178,3.3724775893696446,1.1929862692207909,0.0058593062752172465,0.7558046720510668,392.8069017100996,472.21816897981086,19,0.0,0.5545,266.5,389.6,768.4,,3.63,2.41,278.0,389.0,0.12416139,0.08526873,0.49245137,0.42117378,0.99838895,0.697983641507436,0.9982656
31,US-Ha2,42.5393,-72.1779,16564,9,18TYN,2021-06-07,158,2021-06-06 19:11:17.304,0.1740078032016754,0.810637354850769,3.296921491622925,0.3326440751552582,87.05782047457738,4.0,,,,,,,,0.893,,287.06,2.64,,,,,,,,,12.812827296574326,,,,,,,,342.05493,,7.368118,,7.790449,6.9042225,18.492247,2021,,287.06,0.8722802,0.09422249,13.91,0.058,66.39027298757397,0.9531533072910648,6.083667365536215,5.7867907927445446,2.739915340087879,5.773449302245563,3.3437520254483357,0.013341490498981479,1.2072563053960603,,343.83759409918576,19,0.0,0.5545,,,,,1.67,1.55,295.0,394.0,0.19299254,0.07439055,0.4748107,0.45164043,0.99803656,0.45037231253132176,0.9976945
32,US-Ha2,42.5393,-72.1779,16729,10,18TYN,2021-06-18,169,2021-06-17 19:11:17.304,0.0753058493137359,0.0306516345590353,1.3747539520263672,0.3639144897460937,86.4935827354725,4.0,171.71695,0.83814466,1.0,0.00372,5.4571065,0.0372,104.01232,0.976,15.658676,288.86,1.24,295.28586,,215.24089,0.82049435,179.12453,0.11966765,0.059837993,0.57009715,19.284577178307078,0.0,0.19688156,0.0,1.7545791,16.541555,0.0,,344.85944,,7.2808867,,7.88381,7.2889686,14.134657,2021,16.541555,288.86,0.8347391,0.09730142,15.71,0.058,78.94418125237677,1.3256638443834992,8.947732052206693,8.979670105527806,7.656124338801147,8.85529762908346,1.2916077134055453,0.12437247644434635,1.8764167435488723,312.1919572616745,385.310304501252,19,0.0,0.5545,102.7,162.3,321.4,,4.25,0.542,377.0,409.0,0.24428117,0.06874218,0.46398383,0.46563998,0.9935538,0.855649710354591,0.98614955
33,US-Ha2,42.5393,-72.1779,16824,11,18TYN,2021-06-24,175,2021-06-23 19:11:17.304,0.0487757287919521,0.2823735475540161,1.2542479038238523,0.3504547774791717,86.43431524043191,4.0,276.1175,0.8358191,1.0,0.003,5.206722,0.03,142.85706,0.974,28.49868,294.5,1.0,667.1291,,523.6712,0.877596,437.74207,0.0516701,0.07049818,0.46389413,18.933869489998504,0.0,0.20039469,0.79203314,512.1083,21.06832,0.0,,346.30667,,8.115538,,8.627883,7.8627644,17.482677,2021,21.06832,294.5,0.826679,0.099020615,21.35,0.058,80.22603630428735,1.336213239999226,9.080544664834495,8.56037103210107,4.323286731185165,8.538204257880688,4.7572579336493295,0.02216677422038238,1.874843519604681,334.42788714232137,415.4428909494679,19,0.0,0.5545,241.9,316.2,729.1,,9.69,1.98,326.0,414.0,0.23600654,0.070572644,0.47959265,0.45211947,0.9980154,0.4761043407371383,0.99741054
34,US-Ha2,42.5393,-72.1779,16836,8,18TYN,2021-06-25,176,2021-06-24 19:11:17.304,0.0698211342096328,1.3875088691711426,1.7140966653823853,0.3399568498134613,86.44164122880662,4.0,,,,,,,,0.946,,282.0,2.0,,,,,,,,,15.157334800612418,,,,,,,,343.1534,,6.5572696,,7.251596,6.742607,25.072527,2021,,282.0,0.82786006,0.11997324,8.85,0.058,80.0557655968392,1.2204198731225897,7.68062507085109,6.256376135880386,3.6644740359844077,6.2382363467309965,4.016151034866683,0.018139789149389962,1.818474422675284,,339.2335116149601,19,0.0,0.5545,,,,,13.4,3.57,351.0,409.0,0.1893347,0.080516785,0.5067266,0.41276228,0.9975194,0.477106225363289,0.9971006
35,US-Ha2,42.5393,-72.1779,16870,11,18TYN,2021-06-27,178,2021-06-26 19:11:17.304,0.2082106471061706,9.425626754760742,4.408686637878418,0.2924185693264007,86.4710193161676,4.0,338.45935,0.8477266,1.0,0.00612,3.41383645,0.061199997,66.148796,0.954,23.963116,288.64,2.04,361.29602,,301.35693,0.625607,255.64781,0.32511875,0.048942883,0.73614717,8.277012740939705,15.936549093382189,0.16724594,0.22564907,197.298,25.030497,0.0,,344.88718,,7.3719077,,8.030942,7.3464017,23.336432,2021,25.030497,288.64,0.83122486,0.14655812,15.49,0.058,79.38684211768829,0.7261702465067069,4.248230015659939,3.294957561596002,3.3718128175323843,3.292336869718283,0.8764171981275544,0.0026206918777189614,1.21306342652817,384.35156861641246,375.4789688374418,19,0.0,0.5545,,202.6,405.2,,-2.45,1.16,368.0,389.0,0.10426177,0.08773337,0.51325643,0.39808536,0.99907345,0.7936982708335278,0.99920464
36,US-Ha2,42.5393,-72.1779,16885,11,18TYN,2021-06-28,179,2021-06-27 19:11:17.304,0.2094256281852722,0.6648356914520264,3.2399373054504395,0.2939861416816711,86.49305753881954,4.0,364.77725,0.80938405,1.0,0.0066,3.9016083,0.066,70.66886,0.95,29.456871,298.28,2.2,535.296,,465.77475,0.7687734,376.87656,0.2029828,0.028300166,0.6440087,15.980282582206167,0.0,0.15046313,0.88181436,377.0066,27.85313,0.0,,343.40704,,8.512752,,8.964722,7.8996706,15.568892,2021,27.85313,298.28,0.85231,0.14748809,25.13,0.058,78.88851008428672,1.1631853118507516,7.667868946871837,7.161108963405194,3.4294063688635092,7.147184740423014,4.238462578008328,0.013924222982180545,2.356901702463324,400.3205153624588,426.4138687633341,19,0.0,0.5545,156.7,263.7,547.5,,4.4,0.256,362.0,363.0,0.20256793,0.07278878,0.47983313,0.44812155,0.99843204,0.44724373781356297,0.9980556
37,US-Ha2,42.5393,-72.1779,17339,11,18TYN,2021-07-27,208,2021-07-26 19:11:17.304,0.501049816608429,2.791656255722046,2.669298887252808,0.3338212668895721,89.16278258634937,4.0,113.15684,0.8504602,1.0,0.00612,5.26676875,0.061199997,90.163086,0.96,10.284275,295.24,2.04,337.41086,,285.44724,0.79471743,242.9521,0.13796654,0.06731602,0.59396076,2.601695274588384,0.0,0.21582265,0.9403318,135.96538,26.010445,0.0,,343.76828,,7.9990993,,8.547003,7.5807047,4.18631,2021,26.010445,295.24,0.8349962,0.04440145,22.09,0.058,18.904059320395817,0.19084004056712742,1.1946313099064998,1.2151758624152886,0.6609184480621296,1.2131592628578074,0.5337128618443702,0.0020165995574812356,0.1155190551574249,381.3999850449256,413.60254081181023,19,0.0,0.5545,,97.61,369.3,,0.64,0.964,361.0,427.0,0.13762628,0.07335219,0.4591742,0.4670708,0.99833596,0.5532405208045801,0.9983405
38,US-Ha2,42.5393,-72.1779,17818,12,18TYN,2021-08-27,239,2021-08-26 19:11:17.304,0.2580990493297577,0.3973326086997986,3.643937349319458,0.2885426878929138,95.51942539645064,4.0,312.8788,0.8600064,1.0,0.00672,4.826832,0.0672,65.85152,0.956,25.654137,300.14,2.24,484.23282,,420.72116,0.73917127,358.12482,0.18612874,0.06796736,0.643982,0.0,0.0,0.211868,0.78286,335.1565,27.630795,0.0,,343.5546,,8.639777,,9.073662,7.9901443,24.943956,2021,27.630795,300.14,0.83330095,0.07285052,26.99,0.058,0.0,0.0,0.0,0.0,0.0,0.0,0.0,0.0,0.0,398.500607419609,439.9107586937968,19,0.0,0.5545,121.0,190.0,512.3,,-1.82,0.499,395.0,431.0,0.18710972,0.074712835,0.46496716,0.4625615,0.9997111,0.45701175301083324,0.99981034
39,US-Ha2,42.5393,-72.1779,17926,13,18TYN,2021-09-03,246,2021-09-02 19:11:17.304,0.0908781141042709,8.711677551269531,1.92340886592865,0.3323099613189697,97.27641907125526,4.0,,,,,,,,0.976,,283.86,1.4,,,,,,,,,0.0,,,,,,,,345.24237,,6.6351304,,7.259437,6.771924,18.779875,2021,,283.86,0.6579005,0.11548694,10.71,0.058,0.0,0.0,0.0,0.0,0.0,0.0,0.0,0.0,0.0,,359.31702046070683,19,0.0,0.5545,,,,,-3.39,2.05,325.0,404.0,0.09601443,0.10454371,0.53275806,0.36191177,0.9989316,0.7729806057955189,0.9984298
40,US-Ha2,42.5393,-72.1779,17941,13,18TYN,2021-09-04,247,2021-09-03 19:11:17.304,0.0534358881413936,0.0020168526098132,2.0089564323425293,0.3211182355880737,97.53353825364631,4.0,,,,,,,,0.966,,283.2,1.28,,,,,,,,,0.0,,,,,,,,344.77148,,6.6053696,,7.2807245,6.823559,19.577385,2021,,283.2,0.65782624,0.11537339,10.05,0.058,0.0,0.0,0.0,0.0,0.0,0.0,0.0,0.0,0.0,,352.33947334365314,19,0.0,0.5545,,,,,-3.54,1.17,344.0,418.0,0.20688027,0.08456495,0.4958447,0.4215305,1.0,0.915,1.0
41,US-Ha2,42.5393,-72.1779,17987,13,18TYN,2021-09-07,250,2021-09-06 19:11:17.304,0.0674339979887008,-0.1112290173768997,1.8563153743743896,0.3111057877540588,98.31254433943268,4.0,,,,,,,,0.966,,282.9,1.44,,,,,,,,,0.0,,,,,,,,342.8807,,6.6125894,,7.2550397,6.8549485,21.635624,2021,,282.9,0.60414886,0.109741576,9.75,0.058,0.0,0.0,0.0,0.0,0.0,0.0,0.0,0.0,0.0,,350.8488800929326,19,0.0,0.5545,,,,,-4.79,1.18,297.0,397.0,0.19684209,0.08300704,0.46517184,0.45649797,1.0,0.915,1.0
42,US-Ha2,42.5393,-72.1779,18579,11,18TYN,2021-10-15,288,2021-10-14 19:11:17.304,0.0707077234983444,3.241264581680298,2.833171367645264,0.2607493996620178,108.40153998060096,4.0,74.42164,0.9179156,,,0.75135165,,14.5521345,0.976,15.796729,291.12,2.24,64.14148,,48.92021,0.46208888,44.918297,0.5367125,0.0,0.8309641,0.0,0.0,0.2579292,0.3804704,46.510803,16.925325,0.0,,344.56842,,7.379781,,7.961825,7.2202954,14.3151,2021,16.925325,291.12,0.9884492,0.16121484,17.97,0.058,0.0,0.0,0.0,0.0,0.0,0.0,0.0,0.0,0.0,329.0484188991469,397.5110140040412,19,0.0,0.5545,53.28,102.9,231.5,,-0.717,0.182,400.0,415.0,0.1280208,0.104714066,0.5463577,0.34889826,1.0,0.5761269482777117,1.0
43,US-Ha2,42.5393,-72.1779,18594,10,18TYN,2021-10-16,289,2021-10-15 19:11:17.304,0.1420181542634964,2.615025281906128,3.730670928955078,0.2612468898296356,108.65286381590803,4.0,,,,,,,,0.944,,279.52,2.44,,,,,,,,,0.0,,,,,,,,342.7444,,6.3154116,,7.048233,6.566849,27.087616,2021,,279.52,0.983789,0.16109064,6.37,0.058,0.0,0.0,0.0,0.0,0.0,0.0,0.0,0.0,0.0,,326.7643908614122,19,0.0,0.5545,,,,,-1.03,0.272,382.0,393.0,0.13087517,0.10062594,0.535051,0.36457035,1.0,0.5452525748086126,1.0
44,US-Ha2,42.5393,-72.1779,18640,8,18TYN,2021-10-19,292,2021-10-18 19:11:17.304,0.0553050637245178,18.478599548339844,1.216068148612976,0.3297488987445831,109.39627950847355,4.0,,,,,,,,0.97,,276.26,1.08,,,,,,,,,0.0,,,,,,,,343.76352,,5.6574273,,6.383099,6.0627565,15.007524,2021,,276.26,0.7906139,0.061668534,3.11,0.058,0.0,0.0,0.0,0.0,0.0,0.0,0.0,0.0,0.0,,320.3722877707225,19,0.0,0.5545,,,,,-3.66,1.19,250.0,332.0,0.045592554,0.122574866,0.538363,0.33941805,0.9992155,0.9135681527853012,0.9981164
45,US-Ha2,42.5393,-72.1779,18655,9,18TYN,2021-10-20,293,2021-10-19 19:11:17.304,0.0860761329531669,-0.0065243588760495,1.6368299722671509,0.3109351396560669,109.64031929500236,4.0,,,,,,,,0.972,,281.72,1.4,,,,,,,,,0.0,,,,,,,,343.4247,,6.3980913,,7.046041,6.6741705,24.286106,2021,,281.72,0.808521,0.07135457,8.57,0.058,0.0,0.0,0.0,0.0,0.0,0.0,0.0,0.0,0.0,,347.174774562651,19,0.0,0.5545,,,,,-2.21,0.673,301.0,349.0,0.1741535,0.0916417,0.45414895,0.46191436,1.0,0.915,1.0
46,US-Ha2,42.5393,-72.1779,18735,12,18TYN,2021-10-25,298,2021-10-24 19:11:17.304,0.1294064372777938,4.33316707611084,1.638202667236328,0.2740095257759094,110.82896937958982,4.0,44.298317,0.9711833,1.0,0.00552,0.37647433,0.0552,12.149736,0.926,4.245947,275.22,1.84,36.857124,,21.404163,0.15367527,20.61736,0.7367219,0.10872176,0.94618213,0.0,0.0,0.24362071,0.0,13.783578,7.929068,0.0,,342.4602,,5.777821,,6.4180965,5.9315314,16.387033,2021,7.929068,275.22,0.7705631,0.07048417,2.07,0.058,0.0,0.0,0.0,0.0,0.0,0.0,0.0,0.0,0.0,275.7847281842187,301.26045459810763,19,0.0,0.5545,,,69.8,,-2.84,1.14,292.0,364.0,0.11629489,0.103066415,0.51686203,0.37910616,1.0,0.6248112992865874,1.0
47,US-Ha2,42.5393,-72.1779,18858,12,18TYN,2021-11-02,306,2021-11-01 19:11:17.304,0.0523346066474914,0.1524503082036972,0.8576900362968445,0.2793730497360229,112.60397373991906,4.0,,,,,,,,0.926,,277.12,1.08,,,,,,,,,0.0,,,,,,,,344.53058,,5.37599,,5.9494815,5.7629004,17.81026,2021,,277.12,0.6706421,0.124154694,3.97,0.058,0.0,0.0,0.0,0.0,0.0,0.0,0.0,0.0,0.0,,309.6660870532121,19,0.0,0.5545,,,,,-3.99,1.11,208.0,320.0,0.19268201,0.08958851,0.4677617,0.44559973,1.0,0.5392748952375876,1.0
48,US-NR1,40.0329,-105.5464,5578,2,13TDE,2019-06-30,181,2019-06-29 16:57:48.864,0.0702225714921951,29.60137367248535,1.8358056545257568,0.2866793870925903,63.71798265039278,4.0,186.72226,0.63343924,1.0,0.00384,4.57303585,0.038399998,236.41177,0.978,20.945042,296.56,1.28,652.4258,,469.55264,0.64609605,298.56766,0.07335264,0.27572626,0.48868963,82.5738723310428,0.0,0.3667138,0.0,3.058833,18.541056,0.0,,3042.9072,,8.328244,,8.8251,7.932323,5.955201,2019,18.541056,296.56,0.6883051,0.024569595,23.41,0.036,571.0243266591307,6.534746145536281,42.13148024690538,33.833707788265166,38.494854466496896,33.828722639021535,3.6366257804084867,0.00498514924363036,2.0288066007554275,319.69287731947486,428.9437312220173,16,0.0,0.4462,,,,,662.8,62.88,307.4,416.1,0.14460658,0.07913818,0.51022774,0.40973866,0.9993783,0.9136838829517365,0.99985266
49,US-PFd,45.9689,-90.301,3713,3,15TYL,2019-03-02,61,2019-03-01 17:58:47.760,0.2648589313030243,49.15287399291992,0.6346811056137085,0.3985928893089294,95.448093152945,4.0,0.0,0.0,0.060463082,0.00216,0.005,0.0216,0.0,0.872,0.0,322.48,0.72,0.0,,0.0,0.0,0.0,0.0,0.0,0.7766353,0.0,0.0,0.268448,0.0,0.0,-7.4685864,0.0,,433.40457,11.794498,10.767026,10.456466,11.747951,10.210275,27.635965,2019,-7.4685864,322.48,0.12711097,0.4550993,49.33,0.33,0.0,0.0,0.0,0.0,0.0,0.0,0.0,0.0,0.0,200.0516108973745,534.7352376012569,17,0.0,0.4739,,,,,,,,,0.039429024,0.10748925,0.486566,0.4048946,0.9995839,0.9144118595123292,0.9996736
50,US-PFd,45.9689,-90.301,5116,8,15TYL,2019-05-31,151,2019-05-30 17:58:47.760,0.7553602457046509,0.8215614557266235,2.4705629348754883,0.344499260187149,74.41382006970552,4.0,58.852818,0.5639979,1.0,0.00516,2.85242035,0.051599998,74.238,0.962,10.166892,293.72,1.72,253.64449,,185.28389,0.40976745,103.95883,0.2202342,0.37700412,0.62816405,138.98505752180753,59.02849101852769,0.29827654,0.3193008,94.54149,19.520475,0.0,,434.37387,,7.743926,,8.349849,7.4763117,15.106736,2019,19.520475,293.72,0.6469184,0.069605626,20.57,0.33,348.1932549649855,7.120411387979667,62.31711265487789,69.33346470108144,27.421500603736334,68.14363230243156,34.895612051141555,1.1898323986498838,9.674141933451423,335.7122421134727,405.9946666833012,17,0.0,0.4739,,,,,,,,,0.39916068,0.05123149,0.44837275,0.49885553,0.98755175,0.4400316291225009,0.982839
51,US-PFd,45.9689,-90.301,5223,8,15TYL,2019-06-07,158,2019-06-06 17:58:47.760,0.083460509777069,0.0007204583380371,2.117817640304565,0.3171888291835785,73.77636884247914,4.0,395.70602,0.49225327,1.0,0.00564,5.43082285,0.056399997,137.56273,0.954,50.0,298.48,1.88,623.24927,,518.208,0.5286323,255.41629,0.27282256,0.18899815,0.62822783,250.03241638072456,185.05591423435317,0.27872992,0.77895844,336.20364,25.42772,0.0,,432.70303,,8.38891,,8.833557,7.7614145,26.422989,2019,25.42772,298.48,0.7878738,0.0608453,25.33,0.33,361.37260207198096,12.131719708008836,113.34412782489765,125.66924683833504,27.15861332397817,12.540194189675994,86.18551450091948,113.12905264865904,15.213300005563022,379.5956820253437,429.35892724512325,17,0.0,0.4739,,,,,,,,,0.69189644,0.048520587,0.45331773,0.5026118,0.6082081,0.23961200147867204,0.099787295
52,US-PFd,45.9689,-90.301,5238,8,15TYL,2019-06-08,159,2019-06-07 17:58:47.760,0.0944953262805938,-1.4606525837734807e-05,2.366107940673828,0.3156200051307678,73.70343565811325,4.0,365.0529,0.52437943,1.0,0.003,4.17244585,0.03,150.93475,0.974,50.0,303.86,1.0,653.23584,,531.3392,0.6577877,282.04016,0.17703395,0.16258359,0.5653494,247.9865877927122,126.26777477235332,0.2903695,0.5836528,291.69342,24.080494,0.0,,434.31387,,9.536848,,9.835861,8.809333,4.375717,2019,24.080494,303.86,0.7968123,0.060818054,30.71,0.33,362.8678565692079,12.383819526344174,114.21896859015555,122.42731947860342,28.266055719181185,12.733561614337642,85.95291287097437,109.69375786426578,15.082061687652914,364.1934027660647,470.8301540987706,17,0.0,0.4739,,,,,,,,,0.6834074,0.049937457,0.46058527,0.49368525,0.61553293,0.2474725176393986,0.10400915
53,US-PFd,45.9689,-90.301,5345,8,15TYL,2019-06-15,166,2019-06-14 17:58:47.760,0.2246874868869781,152.29849243164062,3.037966251373291,0.3624758422374725,73.32283830270323,4.0,341.31964,0.5714731,1.0,0.0036,4.5262308,0.036000002,209.29903,0.966,50.0,292.74,1.2,673.04315,,486.9013,0.7364761,278.51273,0.12497553,0.14478165,0.52962446,5.041755335215378,0.0,0.26886767,0.0,93.97395,16.974813,0.0,,434.6369,,7.689471,,8.308028,7.496535,10.140103,2019,16.974813,292.74,0.7994443,0.04334415,19.59,0.33,370.5912469150772,0.5267898605723784,3.092110779050584,1.4151923148315981,2.826696137529768,1.4149701315708434,0.26541464152081584,0.00022218326075473804,0.2185305995128756,312.4512220222249,402.2690119231686,17,0.0,0.4739,,,,,,,,,0.013604626,0.10448541,0.61330044,0.28069437,0.9995673,0.9141639286279679,0.999843
54,US-PFd,45.9689,-90.301,5363,6,15TYL,2019-06-16,167,2019-06-15 17:58:47.760,0.0632000938057899,1.3816044330596924,1.4304248094558716,0.3383212983608246,73.28721922753583,4.0,,,,,,,,0.968,,296.24,1.44,,,,,,,,,160.2920357652224,,,,,,,,435.0171,,8.120646,,8.632888,7.773381,8.815072,2019,,296.24,0.83546597,0.048606325,23.09,0.33,371.3009558077444,9.944879947268388,75.52871222745797,74.84038827843762,35.0993791232932,73.51258512598471,40.429333104164776,1.3278031524529013,7.791206247456378,,422.7283084877415,17,0.0,0.4739,,,,,,,,,0.4317038,0.06204226,0.47119442,0.46690023,0.98584425,0.4647157099354468,0.9822582
55,US-PFd,45.9689,-90.301,5406,8,15TYL,2019-06-19,170,2019-06-18 17:58:47.760,0.1232267096638679,64.12574005126953,1.9125480651855469,0.3535706698894501,73.2087413232549,4.0,303.8269,0.8123068,1.0,0.00384,5.81030225,0.038399998,96.671616,0.978,50.0,290.06,1.28,542.0803,,401.7097,0.826689,333.12692,0.12070176,0.030687552,0.56686425,14.87468993818111,0.0,0.18144707,0.78186524,343.11407,17.275131,0.0,,433.99362,,7.434411,,7.9793677,7.312841,2.5806158,2019,17.275131,290.06,0.8876311,0.048601028,16.91,0.33,372.83770125078627,1.282720241757564,7.928386943687635,5.646284509886121,7.249121801954393,5.644459090985773,0.679265141733242,0.0018254189003483745,0.7229254921903033,316.70085919520886,392.5558047531935,17,0.0,0.4739,,,,,,,,,0.039895885,0.08623509,0.5330119,0.37959006,0.9997327,0.9143249255418778,0.9996767
56,US-PFd,45.9689,-90.301,5528,7,15TYL,2019-06-27,178,2019-06-26 17:58:47.760,0.0840089321136474,-0.2305972278118133,2.384806871414185,0.3481620550155639,73.20835011222992,4.0,,,,,,,,0.95,,283.8,1.8,,,,,,,,,255.6019081520908,,,,,,,,433.85184,,6.689173,,7.3839774,6.7801285,21.247816,2019,,283.8,0.8552786,0.04539566,10.65,0.33,372.59106476547265,12.780779271402453,117.85503400796989,126.0259780662493,27.637917601518456,12.17032307466778,90.21711640645144,113.85565499158152,11.60321731782354,,349.4494394278896,17,0.0,0.4739,,,,,,,,,0.6860119,0.050002676,0.46108824,0.4930557,0.60292536,0.2345077393949032,0.096569955
57,US-PFd,45.9689,-90.301,7131,8,15TYL,2019-10-08,281,2019-10-07 17:58:47.760,0.0772362053394317,0.0621570982038974,0.8962815403938293,0.302373468875885,93.51727142703076,4.0,173.20245,0.59604865,1.0,0.00288,1.48265835,0.0288,116.800285,0.97,30.388466,290.86,0.96,330.26593,,233.27277,0.6254686,139.21555,0.12059743,0.25418475,0.5394674,0.0,0.0,0.2788964,0.0,1.8510745,17.060179,0.0,,434.76962,,7.5382667,,8.166657,7.4835186,7.611824,2019,17.060179,290.86,0.71515757,0.12320852,17.71,0.33,0.0,0.0,0.0,0.0,0.0,0.0,0.0,0.0,0.0,313.61116888420713,393.6578459688079,17,0.0,0.4739,144.0,77.249,,-5.347,12.725,2.1,340.894,397.729,0.24220961,0.070054956,0.46791115,0.46366212,1.0,0.692731497204909,1.0
58,US-PFd,45.9689,-90.301,7146,7,15TYL,2019-10-09,282,2019-10-08 17:58:47.760,0.0867252275347709,10.639775276184082,1.303318977355957,0.2945617735385895,93.79259815421123,4.0,,,,,,,,0.978,,291.58,1.12,,,,,,,,,0.0,,,,,,,,434.3072,,7.677018,,8.258766,7.5650325,25.23032,2019,,291.58,0.70598364,0.12057849,18.43,0.33,0.0,0.0,0.0,0.0,0.0,0.0,0.0,0.0,0.0,,400.84914319231376,17,0.0,0.4739,,,,,5.771,1.206,325.349,401.484,0.09999348,0.09618874,0.52429396,0.37909544,0.99881595,0.8241492395284714,0.9984075
59,US-PFi,45.9749,-90.2327,5116,8,15TYL,2019-05-31,151,2019-05-30 17:59:04.152,0.7632211446762085,0.8258800506591797,2.460234880447388,0.3450483977794647,74.45804045800455,4.0,83.865395,0.47420594,1.0,0.00516,2.08123785,0.051599998,73.15459,0.964,16.37056,292.76,1.72,261.17572,,195.99506,0.41003814,94.96264,0.35191494,0.2554967,0.6539375,160.39597067743347,85.24623532548125,0.33472672,0.2948716,102.46389,19.608988,0.0,,456.04675,,7.6594605,,8.257634,7.421545,15.351267,2019,19.608988,292.76,0.74944025,0.072298504,19.61,3.058,347.22976242548606,7.9405601251262885,67.77012976777567,84.51083854964476,29.82106371877878,82.81006533864824,37.94906604899689,1.7007732109965161,11.596388727606309,337.9925259351933,401.5458725595393,17,0.0,0.4958,,,,,,,,,0.46193036,0.049505983,0.42251766,0.5268888,0.98807853,0.4400325603767478,0.9798751
60,US-PFi,45.9749,-90.2327,5177,8,15TYL,2019-06-04,155,2019-06-03 17:59:04.152,0.5062122344970703,0.7707408666610718,2.550088167190552,0.3441594243049621,74.0666523435076,4.0,95.21694,0.5533356,1.0,0.00552,2.65788625,0.0552,48.394398,0.976,23.557253,297.34,1.84,209.19441,,159.11386,0.07214313,87.60317,0.6899227,0.23935631,0.81316626,185.25085923848025,84.1467066367166,0.35446683,0.42722905,114.93804,20.833511,0.0,,456.11343,,8.294091,,8.75046,7.8225183,6.6172314,2019,20.833511,297.34,0.7380594,0.13545679,24.19,3.058,355.345801975212,9.705232103102357,80.75902650709382,94.80598866933124,35.00677397651512,92.7712433828607,45.7522525305787,2.034745286470539,25.093486737186375,356.5772110809438,432.5878769455211,17,0.0,0.4958,,,,,,,,,0.5213256,0.052389674,0.43594414,0.51177084,0.98270553,0.43347196580483977,0.9785378
61,US-PFi,45.9749,-90.2327,5223,8,15TYL,2019-06-07,158,2019-06-06 17:59:04.152,0.0843876153230667,0.005616093520075,2.1154167652130127,0.3176865875720978,73.82036502146819,4.0,385.87808,1.0,1.0,0.00576,6.49186065,0.0576,111.163994,0.944,50.0,295.32,1.92,628.6612,,533.57776,0.0,533.57776,0.9486971,0.05130288,1.0,188.80646876383415,165.41213448789483,0.316995,0.0,353.85666,26.249622,0.0,,455.47635,,8.046599,,8.505112,7.4719634,26.62207,2019,26.249622,295.32,0.8434593,0.13756616,22.17,3.058,360.4188366058072,11.224000267249341,81.37237964024018,95.72100261392707,34.19378636895938,20.62976142954773,47.1785932712808,75.09124118437934,25.973380891000605,409.72920836125246,407.1501617461912,17,0.0,0.4958,,,,,,,,,0.52385294,0.059447117,0.430983,0.50697947,0.7097207,0.42021367102861407,0.2155197
62,US-PFi,45.9749,-90.2327,5238,8,15TYL,2019-06-08,159,2019-06-07 17:59:04.152,0.0965044051408767,-0.0004203800926916,2.3845365047454834,0.3157349228858948,73.7474056294248,4.0,346.8706,0.43127066,1.0,0.003,4.1192738,0.03,152.32666,0.978,50.0,301.62,1.0,613.1748,,508.86728,0.64132935,219.28322,0.26022786,0.09842342,0.5850781,229.84840015772193,105.97581152011612,0.4229742,0.50651604,264.85635,24.168482,0.0,,454.69083,,9.212444,,9.571567,8.655699,4.317451,2019,24.168482,301.62,0.8563288,0.13638459,28.47,3.058,361.9152366874126,12.216101263599882,95.54039435827201,122.44677818355986,29.330500665669593,12.327995585443547,66.20989369260242,110.11878259811631,31.34778570179698,366.4517868127286,458.97663289219565,17,0.0,0.4958,,,,,,,,,0.63508904,0.053148516,0.415667,0.53272843,0.6074699,0.30699580907821655,0.10068044
63,US-PFi,45.9749,-90.2327,5345,8,15TYL,2019-06-15,166,2019-06-14 17:59:04.152,0.2256709635257721,152.4130401611328,3.028116703033448,0.3631691336631775,73.36666962648071,4.0,335.94925,0.51454383,1.0,0.0036,5.022408,0.036000002,243.40646,0.976,50.0,290.78,1.2,683.38495,,506.01743,0.80802435,260.2052,0.14720927,0.02451735,0.52672166,6.0452187165829026,0.0,0.2887843,0.0,2.1859207,16.574501,0.0,,455.99408,,7.512457,,8.116361,7.436826,10.488639,2019,16.574501,290.78,0.90343094,0.047746126,17.63,3.058,369.64480472690974,0.5902506982037545,3.4942615050746553,1.94607361147562,3.1941197217016173,1.9454831967916575,0.300141783373038,0.0005904146839625923,0.2886357745395256,309.7582885164527,395.6572470446253,17,0.0,0.4958,,,,,,,,,0.016354129,0.09763926,0.5780207,0.32191947,0.99941814,0.9141043728590011,0.9996966
64,US-PFi,45.9749,-90.2327,5363,6,15TYL,2019-06-16,167,2019-06-15 17:59:04.152,0.0626715794205665,1.2838003635406494,1.424175500869751,0.3380210399627685,73.33103741242788,4.0,,,,,,,,0.98,,294.7,1.44,,,,,,,,,209.8590282695502,,,,,,,,455.08438,,7.978589,,8.506513,7.659807,8.515199,2019,,294.7,0.9171205,0.0655496,21.55,3.058,370.3551244327651,12.34681587796895,94.08385599141332,103.61818415612285,43.34825346869335,101.96195740357875,50.735602522719965,1.6562267525441001,13.756176806457631,,419.1387341636923,17,0.0,0.4958,,,,,,,,,0.5666427,0.058833856,0.44831932,0.49375138,0.9866562,0.46074061284913304,0.98401606
65,US-PFi,45.9749,-90.2327,5406,8,15TYL,2019-06-19,170,2019-06-18 17:59:04.152,0.1213578879833221,64.77238464355469,1.9127120971679688,0.3536852896213531,73.25253046037585,4.0,318.335,0.4312826,1.0,0.00384,5.60888875,0.038399998,122.53025,0.966,50.0,289.64,1.28,514.2672,,391.33478,0.69103134,169.27307,0.28953716,0.0,0.5958131,13.920257737742217,0.0,0.33744952,0.7640247,325.01245,17.9711,0.0,,454.70203,,7.2915797,,7.908243,7.1984572,3.0670576,2019,17.9711,289.64,0.93079,0.11526441,16.49,3.058,371.8932829208888,1.1676238527921476,7.199451003239192,5.531919851834816,6.58166531232393,5.529863667292873,0.6177856909152615,0.002056184541943118,1.60450933705769,323.07518829572376,385.4982936110381,17,0.0,0.4958,,,,,,,,,0.037430786,0.08387947,0.51719236,0.39740068,0.9994678,0.9141898888349533,0.9996283
66,US-PFi,45.9749,-90.2327,5528,7,15TYL,2019-06-27,178,2019-06-26 17:59:04.152,0.0834978818893432,-0.2121856808662414,2.390955209732056,0.3481855988502502,73.25213910420483,4.0,,,,,,,,0.948,,284.72,1.8,,,,,,,,,238.90196165702972,,,,,,,,456.21506,,6.8201175,,7.4513407,6.7863774,21.061438,2019,,284.72,0.9248171,0.12853381,11.57,3.058,371.64729760508305,12.621768995770637,99.32882969340771,127.37623812887743,28.624709819428407,11.397927292260478,70.70411987397931,115.97831083661696,30.70697650098317,,353.2575199834563,17,0.0,0.4958,,,,,,,,,0.64281905,0.05283242,0.41577235,0.5331737,0.5883835,0.2881812854111195,0.08948237
67,US-PFi,45.9749,-90.2327,5638,5,15TYL,2019-07-04,185,2019-07-03 17:59:04.152,0.0821856558322906,1.529564380645752,2.837737560272217,0.3092656135559082,73.50026023829318,4.0,180.07857,0.4275322,1.0,0.00696,3.6113186,0.06959999,102.80406,0.952,38.83144,293.78,2.32,345.99844,,282.508,0.16735227,120.82643,0.8088463,0.023802109,0.7688161,173.6358181760841,110.0608425131802,0.38775676,0.33629492,355.75305,22.106958,0.0,,454.7542,,7.788704,,8.305284,7.3690643,10.580594,2019,22.106958,293.78,0.9065302,0.1445364,20.63,3.058,366.2696456750976,11.1064016880139,79.67511282084975,82.90311708992583,37.68028505248613,81.47474298827224,41.99482776836362,1.4283741016535885,25.0967039587956,363.6244139455301,402.1027402280688,17,0.0,0.4958,,,,13.084,,,,,0.47406554,0.06396377,0.45886335,0.477454,0.9860662,0.47292415057146653,0.98277056
68,US-PFi,45.9749,-90.2327,5653,6,15TYL,2019-07-05,186,2019-07-04 17:59:04.152,0.17392098903656,72.78224182128906,4.366536140441895,0.3083402514457702,73.55442703026962,4.0,213.43344,0.59945273,1.0,0.00576,3.9156637,0.0576,57.85082,0.954,40.344093,288.78,1.92,286.00146,,230.42682,0.024199057,138.07036,0.9576115,0.01818943,0.87282354,11.35785466273468,0.0,0.35734668,0.0,156.14838,21.278782,0.0,,456.074,,7.296048,,7.9527016,7.2695193,22.265017,2019,21.278782,288.78,0.905329,0.14781098,15.63,3.058,365.11155494747476,0.9856852796945286,6.1403744322741005,4.211429419197093,5.614050250254805,4.210646234442966,0.5263241820192954,0.0007831847541268644,1.6788164325747508,363.29147730003285,376.20797816616994,17,0.0,0.4958,,,,6.47,,,,,0.031107903,0.08678446,0.540628,0.37079445,0.9995356,0.9142846763134003,0.99981403
69,US-PFi,45.9749,-90.2327,5699,5,15TYL,2019-07-08,189,2019-07-07 17:59:04.152,0.5233216881752014,-0.0060764816589653,1.7928768396377563,0.3358102440834045,73.74463898121562,4.0,,,,,,,,0.966,,287.54,1.36,,,,,,,,,221.37796670767426,,,,,,,,455.29233,,7.246397,,7.8369217,7.246725,3.938947,2019,,287.54,0.926123,0.18419537,14.39,3.058,361.05791082099347,9.915481956237585,91.90314664660382,120.44442539775656,55.77706311934066,37.65185547507308,36.126083527263155,82.79256992268348,40.77679648756774,,374.4392600903809,17,0.0,0.4958,,,,,,,,,0.613137,0.044789832,0.41514134,0.5440669,0.8936298,0.606911353468895,0.3126077
70,US-PFi,45.9749,-90.2327,5745,5,15TYL,2019-07-11,192,2019-07-10 17:59:04.152,0.1370292603969574,39.95758819580078,2.942829370498657,0.3432811796665191,73.97595997117749,4.0,,,,,,,,0.974,,285.04,1.08,,,,,,,,,19.42279749028807,,,,,,,,454.77942,,6.908888,,7.517919,7.069734,26.036194,2019,,285.04,0.91602564,0.13836004,11.89,3.058,356.1416824777537,1.7251005155424521,9.740310868855289,7.93330197921288,8.901694183604558,7.931034134756905,0.8386166852507309,0.0022678444559751654,2.6873390376681567,,364.580446609374,17,0.0,0.4958,,,,,,,,,0.054536715,0.088818334,0.50148857,0.4084531,0.9993458,0.9139024722576141,0.99971414
71,US-PFi,45.9749,-90.2327,5986,7,15TYL,2019-07-26,207,2019-07-25 17:59:04.152,0.2057033032178878,0.6190347671508789,3.2426891326904297,0.3161026537418365,75.72154643797852,4.0,,,,,,,,0.97,,294.34,1.96,,,,,,,,,147.84228860031507,,,,,,,,454.9842,,8.010815,,8.578964,7.7786365,26.399998,2019,,294.34,0.88464993,0.04988814,21.19,3.058,319.0088903964655,8.642836642505351,66.99657982480039,72.16774605233856,28.461931275602403,69.98661079644755,38.53464854919799,2.1811352558910073,7.375576791612922,,412.8383701157034,17,0.0,0.4958,,,,,198.453,32.163,412.336,454.445,0.46344253,0.05845984,0.4531625,0.48814008,0.97414774,0.42482663070311744,0.96977687
72,US-PFi,45.9749,-90.2327,6032,8,15TYL,2019-07-29,210,2019-07-28 17:59:04.152,0.7254098653793335,40.58903884887695,4.706615447998047,0.298759400844574,76.18150193323542,4.0,115.65612,0.4036896,1.0,0.00396,6.52174535,0.0396,35.93014,0.972,21.479284,291.48,1.32,143.0206,,111.68391,0.30993748,45.417034,0.6243278,0.059354994,0.7132578,11.111390668456673,0.0,0.37133434,0.29384407,93.57928,19.988388,0.0,,455.57086,,7.6442833,,8.209112,7.5520787,2.106736,2019,19.988388,291.48,0.88454473,0.04988221,18.33,3.058,309.17092162387945,0.8446054897292907,5.618443384768561,4.6300946974201596,5.13485576837277,4.628158455769751,0.4835876163957913,0.001936241650408732,0.5542607227159961,344.41249887149,397.8437013337365,17,0.0,0.4958,339.202,,170.16,3.835,237.275,48.337,351.254,433.989,0.035939313,0.07601258,0.5056472,0.41669804,0.9993447,0.9139285415410996,0.9995818
73,US-PFi,45.9749,-90.2327,7131,8,15TYL,2019-10-08,281,2019-10-07 17:59:04.152,0.077184297144413,0.0635957643389701,0.8916543126106262,0.3026192188262939,93.56503398711334,4.0,179.49911,0.6633525,1.0,0.00288,1.3790335,0.0288,123.649284,0.976,32.428555,291.24,0.96,350.8693,,238.91095,0.50409937,158.4329,0.09512435,0.40076354,0.54144883,0.0,0.0,0.2928556,0.0,1.9290103,17.044167,0.0,,455.433,,7.62283,,8.210868,7.5308504,7.8146434,2019,17.044167,291.24,0.59214115,0.09931689,18.09,3.058,0.0,0.0,0.0,0.0,0.0,0.0,0.0,0.0,0.0,313.6337689812456,398.1668373565559,17,0.0,0.4958,,,415.671,,13.162,3.555,338.813,404.933,0.27352148,0.06490203,0.42039603,0.5156738,1.0,0.6876676338319997,0.999712
74,US-PFq,45.9271,-90.2475,5116,8,15TYL,2019-05-31,151,2019-05-30 17:59:00.600,0.756563663482666,-1.3924190998077393,2.47443962097168,0.3445474505424499,74.46070340957209,4.0,23.673328,0.5586234,1.0,0.00528,2.2931082,0.0528,92.72218,0.96,9.089614,292.76,1.76,244.22351,,172.25792,0.53660816,96.932365,0.19536097,0.28607687,0.59723926,183.3246776693292,89.81066097607402,0.25753713,0.0,10.603195,16.812227,0.0,,439.31396,,7.6193295,,8.255828,7.4056935,15.933604,2019,16.812227,292.76,0.7020776,0.05009072,19.61,3.493,347.1717343009911,7.929638146591833,72.87184500539824,103.02936058096597,50.72530762089851,39.89565183021361,22.14653738449973,63.13370875075236,9.182863025165284,315.54859483124005,399.8797071132341,17,0.0,0.4951,,,,,,,,,0.52805185,0.043254614,0.39750156,0.56200486,0.93895817,0.6960892456769944,0.38722605
75,US-PFq,45.9271,-90.2475,5177,8,15TYL,2019-06-04,155,2019-06-03 17:59:00.600,0.5099445581436157,0.6549345254898071,2.548341751098633,0.3445150852203369,74.06967698127185,4.0,76.2694,0.9213295,1.0,0.00552,3.07682655,0.0552,60.9415,0.972,19.011185,298.38,1.84,241.54239,,181.0139,0.5203346,166.98833,0.30322552,0.17761622,0.7612368,186.06179414387572,90.09850277767416,0.18514238,0.48492542,121.77112,20.378658,0.0,,438.9398,,8.390865,,8.795225,7.9049225,7.0390167,2019,20.378658,298.38,0.7009077,0.049706392,25.23,3.493,355.2800938482595,9.432432845718568,79.7354187149592,96.89002429558435,34.1612238745503,94.53525221382613,45.57419484040889,2.3547720817582274,9.248459423339146,350.1592724781414,436.87408324466,17,0.0,0.4951,,,,,,,,,0.5237045,0.050695162,0.42854267,0.5207411,0.9802005,0.4284322378323612,0.97569644
76,US-PFq,45.9271,-90.2475,5345,8,15TYL,2019-06-15,166,2019-06-14 17:59:00.600,0.2301028966903686,143.44798278808594,3.003242015838623,0.362677127122879,73.37034619901368,4.0,340.5972,0.5384661,1.0,0.0048,5.04797915,0.048,230.70576,0.976,50.0,291.08,1.6,653.0677,,478.34244,0.7912722,257.45367,0.13391641,0.07339384,0.523555,5.008838729125523,0.0,0.2781005,0.0,2.5373716,16.587654,0.0,,439.70892,,7.5425916,,8.126909,7.432576,10.970682,2019,16.587654,291.08,0.8609963,0.045583606,17.93,3.493,369.5654072911134,0.4907535172903277,2.856594978302911,1.6485318923862542,2.611316321494528,1.6480455046049136,0.24527865680838312,0.00048638778134058036,0.2283206801191906,309.6438223381093,397.2925863622389,17,0.0,0.4951,,,,,,,,,0.013553321,0.097977504,0.57031083,0.32912457,0.9993637,0.9141360050439835,0.99970496
77,US-PFq,45.9271,-90.2475,5363,6,15TYL,2019-06-16,167,2019-06-15 17:59:00.600,0.0630536153912544,1.426609754562378,1.4292805194854736,0.3380798399448395,73.33474734979355,4.0,,,,,,,,0.964,,295.38,1.44,,,,,,,,,199.80094354183743,,,,,,,,439.36694,,7.9157386,,8.467669,7.7165284,9.204843,2019,,295.38,0.89346296,0.06520651,22.23,3.493,370.2750341383928,12.004097109805546,89.10805496165138,98.78944539292031,41.76330548736604,97.26036910400363,47.34474947428534,1.5290762889166842,13.0283251013002,,416.1142195793213,17,0.0,0.4951,,,,,,,,,0.53960145,0.060080282,0.44598415,0.49443933,0.9871024,0.46868159680221205,0.98452187
78,US-PFq,45.9271,-90.2475,5406,8,15TYL,2019-06-19,170,2019-06-18 17:59:00.600,0.1224290579557418,61.596771240234375,1.9203723669052124,0.3530579805374145,73.25631397119007,4.0,324.8404,0.42620042,1.0,0.00384,5.120969,0.038399998,186.16191,0.972,50.0,290.68,1.28,502.46408,,386.59207,0.6924255,164.7657,0.3031132,0.0,0.59913206,22.536260350468133,0.0,0.33519217,0.0,1.9961057,18.034636,0.0,,440.04614,,7.4460635,,8.05538,7.319223,2.540821,2019,18.034636,290.68,0.9286333,0.116434895,17.53,3.493,371.8116721839988,1.8539279291335475,11.567506508997042,9.086804884175994,10.572839586523955,9.082830507602425,0.9946669224730869,0.00397437657356825,2.62400968799494,323.7067759265402,393.4939408804487,17,0.0,0.4951,,,,,,,,,0.06061203,0.08226422,0.5132842,0.4032082,0.99936694,0.9140119850635529,0.9995626
79,US-PFq,45.9271,-90.2475,5528,7,15TYL,2019-06-27,178,2019-06-26 17:59:00.600,0.0833140164613723,-0.340800017118454,2.378246307373047,0.3486303091049194,73.25592298199635,4.0,,,,,,,,0.95,,282.58,1.8,,,,,,,,,236.8935933271287,,,,,,,,440.35498,,6.5920405,,7.2581353,6.6946354,20.421238,2019,,282.58,0.9022297,0.1396263,9.43,3.493,371.5657349572629,12.644213666802203,97.23120604865876,127.49478133768812,29.004202535623826,10.768086401864132,68.22700351303493,116.72669493582399,33.07658520690096,,343.47921906786075,17,0.0,0.4951,,,,,34.305,7.902,398.803,413.525,0.637555,0.053375077,0.41044253,0.5381943,0.5843313,0.29830137580633165,0.08445904
80,US-PFq,45.9271,-90.2475,5638,5,15TYL,2019-07-04,185,2019-07-03 17:59:00.600,0.0832377821207046,0.907562017440796,2.8574509620666504,0.3092333376407623,73.50381187683945,4.0,191.0946,0.41293606,1.0,0.00696,5.10270315,0.06959999,104.22016,0.902,9.279946,283.52,2.32,414.54193,,338.39435,0.22571856,139.70897,0.7558267,0.018454757,0.74851274,225.63962227248985,222.97122425111877,0.35456887,0.0,237.63312,21.930634,0.0,,440.1115,,6.82484,,7.3307843,6.590651,9.809735,2019,21.930634,283.52,0.91077983,0.14714703,10.37,3.493,366.1929954478379,13.456566576048118,102.11168322299702,110.42070792747455,42.20158553071353,105.44669982426142,59.910097692283486,4.974008103213137,33.202197055969435,361.0194023551997,330.4855814937979,17,0.0,0.4951,102.251,83.23,349.257,22.305,,,,,0.6161768,0.059637427,0.45254323,0.48936754,0.9522004,0.4132885111545113,0.954954
81,US-PFq,45.9271,-90.2475,5653,6,15TYL,2019-07-05,186,2019-07-04 17:59:00.600,0.1679906249046325,73.58078002929688,4.424029350280762,0.3082490563392639,73.55792808178722,4.0,193.75783,0.6127173,1.0,0.00576,3.9435748,0.0576,54.974567,0.95,31.530762,288.8,1.92,278.85114,,224.60312,0.020795917,137.75128,0.9668446,0.012359439,0.8789811,11.09343573159617,0.0,0.3513708,0.0,152.03036,21.094147,0.0,,439.3881,,7.2577333,,7.9612846,7.285751,22.935236,2019,21.094147,288.8,0.91085976,0.1456703,15.65,3.493,365.03597306728665,0.9651988049239291,5.971815732953604,4.136174297641282,5.459850374694852,4.135394260269305,0.5119653582587516,0.0007800373719772935,1.6159841110523336,362.2075503719998,374.734379979042,17,0.0,0.4951,47.976,9.625,,14.655,188.399,38.439,407.956,439.525,0.03038998,0.0870063,0.53831977,0.3728488,0.99952203,0.9142697328329087,0.9998114
82,US-PFq,45.9271,-90.2475,5699,5,15TYL,2019-07-08,189,2019-07-07 17:59:00.600,0.5198169946670532,-0.0443261750042438,1.8252662420272827,0.3353461325168609,73.74796270771009,4.0,,,,,,,,0.966,,286.04,1.36,,,,,,,,,223.097152112096,,,,,,,,439.985,,7.072905,,7.6717973,7.152893,3.6855214,2019,,286.04,0.91139615,0.122104466,12.89,3.493,360.9860763346435,9.840465515653904,91.70523280125418,122.39826909058273,55.04912160273401,37.51762506260578,36.65611119852017,84.88064402797696,27.241158624768257,,366.68688928808734,17,0.0,0.4951,,,,,,,,,0.6180215,0.04410843,0.41105515,0.54863214,0.89048415,0.6002833199501038,0.30652088
83,US-PFq,45.9271,-90.2475,6630,5,15TYL,2019-09-06,249,2019-09-05 17:59:00.600,0.3519242107868194,24.648944854736328,2.8243300914764404,0.2893485128879547,84.72500475162882,4.0,,,,,,,,0.952,,277.86,1.64,,,,,,,,,6.4156809105407255,,,,,,,,440.61432,,5.9787226,,6.707849,6.306682,25.117575,2019,,277.86,0.9147224,0.11432586,4.71,3.493,120.93376567528861,0.5404067498874184,3.092807481199795,2.774986801947596,2.8287094361729146,2.774986801947596,0.2640980450268806,0.0,0.7334786496257921,,321.77496537922093,17,0.0,0.4951,,,,,147.424,34.894,341.859,403.298,0.053051196,0.084232174,0.48207003,0.43253192,0.99974835,0.9146089607477188,1.0
84,US-Syv,46.242,-89.3477,12274,4,15TYM,2020-09-04,248,2020-09-03 18:02:36.552,0.0455341041088104,39.34721374511719,1.2479722499847412,0.33342444896698,85.0538652181187,4.0,,,,,,,,0.962,,281.94,1.08,,,,,,,,,5.176761687467436,,,,,,,,520.4375,,6.3479576,,7.048783,6.5387883,16.060799,2020,,281.94,0.7786991,0.12285839,8.79,2.75,113.35447874477885,0.5169988507948164,2.604489168493573,2.0512742801630544,2.379641708707555,2.049315098194763,0.22484745978601772,0.001959181968291368,0.6360087100968064,,344.67757757449493,18,0.0,0.4913,,,,,14.66803,4.403706,334.6562,378.2601,0.04566879,0.09986916,0.50311166,0.3962466,0.9992551,0.9136692667007447,0.9990449
85,US-WCr,45.8059,-90.0799,5116,8,15TYL,2019-05-31,151,2019-05-30 17:59:40.824,0.7650538682937622,-1.7809169292449951,2.48584508895874,0.3454281687736511,74.6053204476462,4.0,38.343636,0.46540987,0.9840957,0.00564,0.66378015,0.056399997,89.119026,0.964,8.977026,292.0,1.88,251.33546,,187.8456,0.42958283,86.1905,0.35988998,0.20147923,0.6528165,162.85908263844087,89.93587726007826,0.32071307,0.0,28.881926,19.216301,0.0,,488.9458,,7.582426,,8.171509,7.3518786,18.33661,2019,19.216301,292.0,0.78389215,0.06564763,18.85,0.373,344.01927527218766,7.224226979875041,69.27195717866483,86.786727548837,48.74893954312864,35.45688515833358,20.523017635536192,51.32984239050343,10.69131279918779,335.16056318488137,397.3924557640562,17,0.0,0.4989,94.79713,-13.62383,104.5193,16.1605565,69.02033,10.61133,348.5843,353.5927,0.47340104,0.04435876,0.42534906,0.5328946,0.9413073,0.7037326723337174,0.40855193
86,US-WCr,45.8059,-90.0799,5177,8,15TYL,2019-06-04,155,2019-06-03 17:59:40.824,0.5306011438369751,1.6883498430252075,2.551189422607422,0.344730406999588,74.21492776389324,4.0,98.91593,0.50946677,1.0,0.00564,3.08224635,0.056399997,77.46093,0.966,24.570457,296.04,1.88,296.9302,,231.64888,0.0906055,118.01741,0.73005,0.18090385,0.79992193,112.34218267635309,35.23093545497861,0.39239204,0.4133954,181.27554,21.383657,0.0,,488.9565,,8.029282,,8.607552,7.725477,9.646465,2019,21.383657,296.04,0.7875583,0.14573573,22.89,0.373,352.1234607675869,6.661410760063791,52.166994830059416,53.29079056793434,25.536933601308196,52.5709278763882,26.63006122875122,0.7198626915461404,16.37225623784782,359.9779348295694,420.716831366224,17,0.0,0.4989,198.0967,227.0053,423.8846,15.673195,83.94467,15.71133,357.0224,393.7207,0.31904203,0.05929572,0.46435803,0.47436136,0.9944429,0.4895228043037171,0.9864918
87,US-WCr,45.8059,-90.0799,5238,8,15TYL,2019-06-08,159,2019-06-07 17:59:40.824,0.1037769764661789,-0.0160998199135065,2.303846836090088,0.3163683414459228,73.89649135568884,4.0,350.79395,0.46228534,1.0,0.00288,4.03343615,0.0288,143.50894,0.978,50.0,301.8,0.96,587.5698,,477.95166,0.5882961,221.15654,0.22521223,0.18585019,0.5809197,246.66579229136065,111.43954309559146,0.4308582,0.5253331,256.2384,24.017933,0.0,,489.46353,,9.245319,,9.6234865,8.669304,2.0631225,2019,24.017933,301.8,0.79608476,0.16270477,28.65,0.373,358.6836757760892,12.486788648884353,112.9561437564664,122.21018942062219,29.882572251661887,13.55653541438616,83.07357150480452,108.65365400623602,40.1337010016336,364.9806933872231,460.0732415813587,17,0.0,0.4989,348.1055,317.0294,629.6369,15.88613,183.5027,33.13967,380.6683,454.425,0.6876973,0.050622296,0.45793194,0.49544847,0.6376988,0.26455021619796754,0.11092803
88,US-WCr,45.8059,-90.0799,5345,8,15TYL,2019-06-15,166,2019-06-14 17:59:40.824,0.2507283091545105,112.33018493652344,2.923570156097412,0.3639492392539978,73.51671980004183,4.0,346.57733,0.48448667,1.0,0.00396,4.71179685,0.0396,223.57405,0.974,50.0,290.8,1.32,621.4807,,461.7854,0.8201485,223.26514,0.17124334,0.002368408,0.53765476,6.124392494233163,0.0,0.31326196,0.0,2.1345031,16.55363,0.0,,490.03055,,7.4621205,,8.070561,7.3682327,13.516183,2019,16.55363,290.8,0.9217351,0.04698573,17.65,0.373,366.40316280750966,0.5808430731757507,3.52861035095176,2.0099911963365504,3.22633257591614,2.0099911963365504,0.30227777503562026,0.0,0.2877590521480659,310.3019099250708,394.9551161908095,17,0.0,0.4989,,202.3977,664.2229,10.924793,12.68633,2.878335,387.5446,390.8853,0.0167149,0.09484093,0.5761568,0.32819438,0.9998627,0.9143351787328721,1.0
89,US-WCr,45.8059,-90.0799,5363,6,15TYL,2019-06-16,167,2019-06-15 17:59:40.824,0.0633015260100364,1.6467427015304563,1.4249731302261353,0.3371383547782898,73.48117773903056,4.0,,,,,,,,0.976,,294.28,1.44,,,,,,,,,128.97404913408718,,,,,,,,490.57056,,7.869356,,8.443021,7.614006,10.010949,2019,,294.28,0.9216012,0.04698429,21.13,0.373,367.11265188809244,8.426918038002041,60.8797413480741,59.53489842803795,29.271788823655427,58.52683869954406,31.60795252441867,1.0080597284938904,6.0597530988978585,,415.0534092498018,17,0.0,0.4989,,,,,46.94533,8.653334,381.1643,384.4387,0.3513201,0.06533809,0.47203094,0.4616037,0.9878356,0.4808132915068869,0.98306775
90,US-WCr,45.8059,-90.0799,5406,8,15TYL,2019-06-19,170,2019-06-18 17:59:40.824,0.1185800731182098,40.44513702392578,1.9534012079238887,0.3518864214420318,73.40286935249796,4.0,313.29422,0.82111436,1.0,0.00396,5.8897505,0.0396,92.18553,0.972,50.0,290.34,1.32,541.78766,,408.6535,0.8706032,335.9437,0.12868357,0.0,0.56967235,19.76089909572699,0.0,0.22932817,0.7762933,341.2667,17.300898,0.0,,490.81107,,7.407759,,8.004981,7.302203,4.542597,2019,17.300898,290.34,0.92510736,0.046979167,17.19,0.373,368.64921249570943,1.7623411762086787,10.167990072569403,7.806861580904095,9.29343742713811,7.803797879712629,0.874552645431292,0.0030637011914658174,0.9283503206175864,317.0420381291849,391.6561344809476,17,0.0,0.4989,175.7299,155.3214,496.0807,,206.6983,39.72434,342.536,393.5283,0.05360353,0.08918325,0.514551,0.3950661,0.9993551,0.9139896243810655,0.99960756
91,US-WCr,45.8059,-90.0799,5528,7,15TYL,2019-06-27,178,2019-06-26 17:59:40.824,0.0812508463859558,-0.0507311485707759,2.317694187164306,0.3500066995620727,73.40247898595,4.0,,,,,,,,0.952,,284.98,1.76,,,,,,,,,255.14350895836964,,,,,,,,488.34033,,6.884748,,7.482213,6.8314443,18.204517,2019,,284.98,0.94802004,0.1379322,11.83,0.373,368.4054318092001,12.9618860516869,117.13564943140393,126.0895778969616,28.118195226275002,12.263100116158544,89.01745420512893,113.82647778080306,35.19250550634764,,356.0456263449377,17,0.0,0.4989,,,,,372.8657,79.01467,319.7957,414.8976,0.69256175,0.050802335,0.45909712,0.4941908,0.6145394,0.24004814386367798,0.09725705
92,US-WCr,45.8059,-90.0799,7131,8,15TYL,2019-10-08,281,2019-10-07 17:59:40.824,0.0767556279897689,0.0505143068730831,0.8649532198905945,0.3017930388450622,93.6601790252244,4.0,199.20169,0.94392765,1.0,0.003,1.64593475,0.03,130.52176,0.974,32.770824,291.32,1.0,366.85916,,246.77371,0.605958,233.00374,0.05418453,0.33971485,0.52379864,0.0,0.0,0.2337431,0.0,1.9192489,17.351807,0.0,,489.05972,,7.649203,,8.218583,7.4981513,10.978474,2019,17.351807,291.32,0.5392251,0.13701372,18.17,0.373,0.0,0.0,0.0,0.0,0.0,0.0,0.0,0.0,0.0,314.46572263742,397.7876910211228,17,0.0,0.4989,44.79422,205.8243,423.6202,3.2796645,18.67586,14.77724,268.0769,362.6351,0.24334344,0.07013373,0.4659903,0.46544158,1.0,0.7389336911082435,1.0
93,US-xAB,45.7624,-122.3303,11129,4,10TER,2020-06-22,174,2020-06-21 15:50:40.728,0.0662665069103241,3.1517114639282227,2.131829023361206,0.3128237128257751,51.138419430287016,3.0,196.57916,0.43251845,1.0,0.00516,4.4332817,0.051599998,74.523834,0.964,11.664661,287.02,1.72,279.98907,,194.65074,0.21836399,84.526794,0.69114363,0.09050325,0.74686426,428.27403415083734,319.7810039601434,0.34766844,0.4337426,250.13512,14.11329,0.0,,369.492,,6.954812,,7.6187296,6.9675336,24.416727,2020,14.11329,287.02,0.86121595,0.101719104,13.87,0.475,809.4375472595055,25.977327562563676,199.3541077523847,202.8226309367008,112.75897019576382,200.251917108008,86.59513755662087,2.5707138286927886,43.56365102028858,306.03896595302297,370.9683451234284,15,6.69,0.604,84.8892023893207,81.5522991701394,273.88,-2.8036666666666665,445.23,74.6,384.7,416.0,0.5291008,0.060655855,0.4654826,0.47358143,0.99454206,0.5656215037004423,0.9873253
94,US-xAB,45.7624,-122.3303,11190,4,10TER,2020-06-26,178,2020-06-25 15:50:40.728,0.0781328529119491,-0.0156611483544111,2.176679849624634,0.3120841979980469,51.174356220053646,3.0,,,,,,,,0.962,,285.92,1.64,,,,,,,,,628.9458804770101,,,,,,,,369.0507,,7.0016856,,7.624139,7.048536,23.107239,2020,,285.92,0.8720482,0.1010958,12.77,0.475,808.5952405712312,37.50973344906556,284.4335791305745,308.00137026248836,36.28270519341679,0.0,248.1508739371577,308.00137026248836,63.58377719869488,,364.5561180482143,15,6.69,0.604,,,,,553.86,93.98,342.0,420.0,0.77782536,0.059639048,0.45223856,0.48971045,0.45081505,0.12756125807762148,0.0
95,US-xAB,45.7624,-122.3303,11818,7,10TER,2020-08-06,219,2020-08-05 15:50:40.728,0.0637035146355629,2.624802073114552e-05,1.7359412908554075,0.3086414635181427,55.56459627535268,3.0,,,,,,,,0.972,,292.3,1.24,,,,,,,,,568.6617336074771,,,,,,,,368.40063,,7.8110814,,8.375999,7.643131,9.061301,2020,,292.3,0.8602083,0.10022292,19.15,0.475,733.9866252776217,32.880101797878915,255.46691856927265,281.2511440549041,33.2172732208924,1.7241477319540282,222.24964534838026,279.5269963229501,56.99293943440349,,402.3395304280101,15,6.69,0.604,,,,,633.37,93.74,389.7,494.2,0.7747576,0.05782014,0.44924232,0.49458426,0.4749833,0.13002573251724245,0.006130278
96,US-xDL,32.5417,-87.8039,7501,10,16SDB,2019-11-01,305,2019-10-31 18:08:47.064,0.1092094480991363,-2.7963562843069667e-06,0.6899228096008301,0.2676289081573486,99.22122758490848,3.0,65.767235,0.6500181,1.0,0.00204,2.0042021,0.020399999,144.93152,0.97,0.0,282.44,0.68,384.40338,,214.86096,0.92452246,139.72664,0.059001718,0.015215827,0.46815708,0.0,0.0,0.32675093,0.0,1.3107264,7.7510343,0.0,,6.1694202,,6.4931664,,7.0651245,6.7502494,16.92952,2019,7.7510343,282.44,0.65875584,0.10266874,9.29,0.478,0.0,0.0,0.0,0.0,0.0,0.0,0.0,0.0,0.0,258.14585369542186,350.01586021546245,18,11.44,0.4725,100.468516856912,,461.56,-35.762,1.6,0.1,381.9,409.5,0.22378345,0.07226622,0.42463154,0.5074798,1.0,0.915,1.0
97,US-xDL,32.5417,-87.8039,8325,10,16SDB,2019-12-24,358,2019-12-23 18:08:47.064,0.174835130572319,8.39315414428711,2.735793352127075,0.2836912274360657,104.09216640564104,3.0,416.89294,0.57498366,,,1.5723808,,115.48135,0.974,50.0,293.92,1.44,256.00537,,226.9735,0.66821384,131.10481,0.15838593,0.16128586,0.66054565,0.0,0.0,0.35488337,0.2786616,141.16806,18.941633,0.0,,7.637315,,8.061107,,8.51699,7.7790537,14.8413105,2019,18.941633,293.92,0.39587528,0.093799956,20.77,0.478,0.0,0.0,0.0,0.0,0.0,0.0,0.0,0.0,0.0,333.7226336691061,412.17978757670863,18,11.44,0.4725,,163.653097976399,,,0.9,0.18,342.4,359.1,0.094603896,0.102954276,0.5191343,0.37742814,0.9995235,0.7644337445598592,0.9992149
98,US-xDL,32.5417,-87.8039,8508,9,16SDB,2020-01-05,5,2020-01-04 18:08:47.064,0.0340806543827056,0.0,0.6411094665527344,0.3150995373725891,103.78102542837716,3.0,,,,,,,,0.98,,279.4,0.72,,,,,,,,,0.0,,,,,,,,5.7520285,,6.1850224,,6.8128715,6.4620976,0.91913223,2020,,279.4,0.3007411,0.08684458,6.25,0.478,0.0,0.0,0.0,0.0,0.0,0.0,0.0,0.0,0.0,,338.64359130012826,18,11.44,0.4725,,,,,3.7,0.81,239.0,327.4,0.20988746,0.077717,0.41218677,0.5166275,1.0,0.915,1.0
99,US-xDL,32.5417,-87.8039,8854,2,16SDB,2020-01-27,27,2020-01-26 18:08:47.064,0.2063793241977691,25.242828369140625,2.007112979888916,0.3277509808540344,101.82928309055514,3.0,147.54921,0.49654067,,,1.0225724,,51.474068,0.974,0.0,285.28,1.04,95.98939,,82.79144,0.61515987,40.95658,0.16087031,0.2226111,0.65966564,0.0,0.0,0.3375329,0.0,11.6815,12.741002,0.0,,6.5082583,,6.8220367,,7.449635,6.928622,3.3999484,2020,12.741002,285.28,0.32432908,0.08833818,12.13,0.478,0.0,0.0,0.0,0.0,0.0,0.0,0.0,0.0,0.0,293.4057752421682,365.8098863955337,18,11.44,0.4725,26.4003326935649,25.8854505900904,148.96,7.688,1.1,0.67,384.9,382.0,0.032845534,0.112859495,0.5404451,0.34624445,0.9998208,0.9147324353456497,0.9994756
100,US-xDL,32.5417,-87.8039,9362,7,16SDB,2020-02-29,60,2020-02-28 18:08:47.064,0.0840594470500946,2.3224587440490723,0.8289750814437866,0.3456984758377075,96.27072356219144,3.0,360.76138,0.13297577,,,0.91190815,,140.82195,0.972,0.0,287.56,0.88,158.81116,,241.6889,0.103682846,32.050827,0.09925211,0.79643065,0.58344066,0.0,0.0,0.50821036,0.0,1.7403377,10.77306,0.0,,6.088588,,7.1059976,,7.724895,7.1380773,19.614723,2020,10.77306,287.56,0.11566941,0.0721432,14.41,0.478,0.0,0.0,0.0,0.0,0.0,0.0,0.0,0.0,0.0,278.59307981902936,376.8698050814167,18,11.44,0.4725,,,,,7.0,1.58,402.3,410.8,0.16345903,0.08459736,0.4831546,0.43227443,0.9990042,0.5289569748477626,0.99888897
101,US-xDL,32.5417,-87.8039,10216,10,16SDB,2020-04-24,115,2020-04-23 18:08:47.064,0.2338578552007675,8.267175674438477,2.9131970405578613,0.332852303981781,85.07964817179734,3.0,393.02386,0.73364806,1.0,0.00396,3.5205983,0.0396,117.63776,0.976,50.0,295.8,1.32,658.36664,,504.83377,0.8815753,369.9893,0.09140121,0.02263164,0.53761053,12.727842632690528,0.0,0.3741114,0.80435866,355.5981,22.581787,0.0,,6.7299004,,8.29569,,8.682797,7.9512296,6.7472396,2020,22.581787,295.8,0.6701745,0.13825078,22.65,0.478,112.88338014177847,1.0454213552610934,6.209279298622444,5.458501392964442,4.725220647168353,5.45395882783036,1.4840586514540908,0.004542565134082466,1.7596345205128143,350.91641591244894,423.6953275280303,18,11.44,0.4725,,,,,211.37,38.33,356.3,449.8,0.11275214,0.08213657,0.4878501,0.42886305,0.9990252,0.7609934132318165,0.9991678
102,US-xDL,32.5417,-87.8039,10399,6,16SDB,2020-05-06,127,2020-05-05 18:08:47.064,0.2999211549758911,19.460399627685547,3.5573883056640625,0.310291439294815,83.1066871309786,3.0,286.22656,0.83342487,1.0,0.00276,6.26125785,0.0276,49.122112,0.972,50.0,291.6,0.92,360.73907,,282.5912,0.7621788,235.50723,0.23451003,0.003824168,0.6675701,9.327712096572577,0.0,0.3265419,0.39094925,245.74821,19.664616,0.0,,6.638455,,7.7342386,,8.303938,7.6182075,12.302237,2020,19.664616,291.6,0.89684343,0.055460524,18.45,0.478,157.01072461540858,0.8197360921959731,4.796377129251978,3.7047344607090085,4.38868507326556,3.7047344607090085,0.4076920559864181,0.0,0.5173197357181649,339.2506258348104,398.49926239163256,18,11.44,0.4725,,,237.31,,232.78,44.12,343.3,444.8,0.05940812,0.087881796,0.51420724,0.39717504,1.0,0.915,1.0
103,US-xDL,32.5417,-87.8039,10867,2,16SDB,2020-06-05,157,2020-06-04 18:08:47.064,0.1354425847530365,45.887977600097656,4.6800031661987305,0.305363655090332,79.88161355603616,3.0,38.339775,0.7387192,1.0,0.00828,4.60410275,0.0828,236.40916,0.968,50.0,305.32,2.76,625.0929,,542.77594,0.87269366,400.959,0.103501104,0.023491377,0.5537737,9.412795209389374,0.0,0.38763583,0.0,102.39602,32.271942,0.0,,6.5850353,,9.027082,,9.346572,8.080426,16.714268,2020,32.271942,305.32,0.6774245,0.16309692,32.17,0.478,227.2918035946963,0.9934222677622669,5.252176727175525,3.160546693528583,4.80092542708475,3.158345246717588,0.4512513000907745,0.0022014468109952112,1.5351973548472788,429.2210293764733,476.98810681028726,18,11.44,0.4725,,132.970173247839,811.23,,90.76,14.22,414.5,441.9,0.041412823,0.10553956,0.5579827,0.33577132,0.9992722,0.9140829938650131,0.99930346
104,US-xDL,32.5417,-87.8039,10933,9,16SDB,2020-06-10,162,2020-06-09 18:08:47.064,0.1597930341958999,2.0934712886810303,5.252518653869629,0.2863565385341644,79.62558537689529,3.0,,,,,,,,0.956,,299.8,3.2,,,,,,,,,43.83147361523595,,,,,,,,5.6787987,,8.477067,,8.889901,7.863021,22.313864,2020,,299.8,0.67474174,0.16943517,26.65,0.478,232.71783822513135,3.42125138265075,22.185266724766507,18.153105225362292,11.436302139723605,18.082525752948612,10.748964585042902,0.07057947241368012,7.426592008224967,,437.9208113356176,18,11.44,0.4725,,,,,11.99,4.3,429.0,439.6,0.188346,0.078054674,0.50614923,0.41415685,0.99658245,0.5154908562337318,0.996112
105,US-xDL,32.5417,-87.8039,11767,2,16SDB,2020-08-02,215,2020-08-01 18:08:47.064,0.1712713688611984,44.67868423461914,5.05801248550415,0.2867370545864105,82.22675778180351,3.0,347.62845,0.7319126,1.0,0.008640001,3.9966401,0.0864,211.94676,0.93,14.878904,300.12,2.88,611.45044,,519.5249,0.85805124,380.23312,0.112431265,0.029066255,0.5675947,6.561947918262679,0.0,0.2939431,0.0,17.544468,30.82699,0.0,,7.754108,,8.408202,,8.804888,7.56246,1.8715771,2020,30.82699,300.12,0.6553354,0.14238913,26.97,0.478,175.32839187738506,0.7041313710437525,3.693445568451571,2.160387248673044,3.3761947450382803,2.1587423520039812,0.3172508234132905,0.0016448966690627564,0.934350055186734,418.2948757165422,427.8326040845113,18,11.44,0.4725,,,761.77,,228.87,37.71,404.5,469.4,0.037426613,0.107305236,0.5628581,0.32922956,0.9992167,0.9141043728590011,0.9992386
106,US-xDL,32.5417,-87.8039,11828,4,16SDB,2020-08-06,219,2020-08-05 18:08:47.064,0.4206337630748749,6.227382659912109,3.605700016021729,0.2936379313468933,82.78090319732742,3.0,62.477917,0.7617589,1.0,0.006,4.47802675,0.06,229.69418,0.958,50.0,303.56,2.0,668.41986,,574.6592,0.8533597,437.43344,0.12200982,0.021092791,0.57587343,19.58328525012082,0.0,0.3843403,0.8266771,420.94757,29.83744,0.0,,6.1317515,,9.147774,,9.556522,8.329268,1.4425083,2020,29.83744,303.56,0.72389084,0.118498914,30.41,0.478,163.111256885165,1.5001545055067165,9.658640948588,8.392378471647765,6.723510398412309,8.384153776511765,2.935130550175691,0.008224695136000548,2.3205976026657416,410.7890506799955,461.2696326140359,18,11.44,0.4725,,,776.16,,6.1,1.08,438.2,439.7,0.120060906,0.07660382,0.4932084,0.42854804,0.99889594,0.6961135043947587,0.99902
107,US-xDL,32.5417,-87.8039,11889,4,16SDB,2020-08-10,223,2020-08-09 18:08:47.064,0.2008349895477295,6.626213073730469,4.356600761413574,0.2921585738658905,83.3752754354073,3.0,214.8774,0.7604987,1.0,0.0078,3.2566309,0.077999994,150.42778,0.962,50.0,303.66,2.6,627.5269,,564.92554,0.897739,429.95322,0.092390805,0.009650846,0.5279886,17.833123296981103,0.0,0.20535024,0.8025021,345.52164,32.718643,0.0,,6.802825,,9.022789,,9.416998,8.198772,1.7701019,2020,32.718643,303.66,0.78678876,0.043033518,30.51,0.478,149.95942592425328,1.4854347643107233,9.026280129373255,7.294858363426863,6.406669970209652,7.286845731896029,2.619610159163603,0.008012631530834646,0.7674221285582459,430.3974971111781,463.8062548158238,18,11.44,0.4725,,,643.06,8.272,53.3,7.06,455.1,457.3,0.118919656,0.08329639,0.5061525,0.4090623,0.99879205,0.7097796521250336,0.9989016
108,US-xDL,32.5417,-87.8039,12092,7,16SDB,2020-08-23,236,2020-08-22 18:08:47.064,0.130095899105072,-0.1623837947845459,3.945782423019409,0.292485624551773,85.55098387636717,3.0,250.18306,0.35321835,1.0,0.00732,3.05696395,0.0732,199.60068,0.918,50.0,297.28,2.44,607.2441,,508.8097,0.5595217,177.65845,0.3389056,0.10979757,0.6305701,26.502928807173625,30.41030376794923,0.39582068,0.0,249.02637,29.620512,0.0,,7.0514717,,8.378079,,8.792417,7.5780396,14.190914,2020,29.620512,297.28,0.62801343,0.12766306,24.13,0.478,101.38441070008855,1.8375033273800525,12.874246820360025,11.703529727318248,11.002760770340895,4.942477814756907,1.8714860500191293,6.761051912561341,3.383444990485935,413.84331322297857,406.552493271717,18,11.44,0.4725,,,712.5,15.379,171.1,27.01,380.2,465.5,0.2614103,0.069332086,0.48576695,0.44159383,1.0,0.8546333563327789,0.4223066
109,US-xDL,32.5417,-87.8039,12682,5,16SDB,2020-09-30,274,2020-09-29 18:08:47.064,0.0525745749473571,0.0,1.4441449642181396,0.3040679395198822,93.18273039945372,3.0,108.614456,0.78339165,1.0,0.00444,2.3548847,0.0444,150.51302,0.974,50.0,297.28,1.48,521.6319,,432.77997,0.94409674,337.1602,0.052971743,0.002984037,0.45746097,0.0,0.0,0.2556079,0.84705746,364.5768,24.307566,0.0,,5.76073,,8.420093,,8.932875,8.017277,5.6109548,2020,24.307566,297.28,0.8418312,0.079338655,24.13,0.478,0.0,0.0,0.0,0.0,0.0,0.0,0.0,0.0,0.0,356.4366988880578,431.3530810965712,18,11.44,0.4725,,,559.24,,36.4,5.48,365.1,440.3,0.25044668,0.06797092,0.42884725,0.505028,1.0,0.915,0.6733691
110,US-xDL,32.5417,-87.8039,12885,8,16SDB,2020-10-13,287,2020-10-12 18:08:47.064,0.1707128882408142,-0.0054420460946857,3.014581680297852,0.2717296779155731,95.85158173548064,3.0,,,,,,,,0.978,,294.46,0.96,,,,,,,,,0.0,,,,,,,,6.8707833,,8.273496,,8.720385,7.985228,6.947764,2020,,294.46,0.71480936,0.112270504,21.31,0.478,0.0,0.0,0.0,0.0,0.0,0.0,0.0,0.0,0.0,,416.9224336445321,18,11.44,0.4725,,,,,11.0,0.88,388.4,445.1,0.19773263,0.08206339,0.4915328,0.42865038,1.0,0.915,1.0
111,US-xDL,32.5417,-87.8039,13129,8,16SDB,2020-10-29,303,2020-10-28 18:08:47.064,0.1645397841930389,55.09661102294922,6.0619215965271,0.2552296817302704,98.87489918402296,3.0,191.78076,0.42954236,1.0,0.0036,0.970669028,0.036000002,62.944393,0.97,50.0,293.18,1.2,230.23198,,155.80336,0.907557,66.89688,0.06818365,0.024259325,0.44493505,0.0,0.0,0.49004465,0.84026426,199.21652,16.80048,0.0,,7.436548,,8.002534,,8.4727745,7.722116,14.381911,2020,16.80048,293.18,0.59555763,0.36766198,20.03,0.478,0.0,0.0,0.0,0.0,0.0,0.0,0.0,0.0,0.0,305.8830163049893,406.3687234195683,18,11.44,0.4725,,,300.33,-5.125,4.3,0.49,311.5,401.5,0.025715739,0.12850967,0.6157879,0.25486675,0.99921536,0.9138856744766236,0.9989592
112,US-xDL,32.5417,-87.8039,13251,5,16SDB,2020-11-06,311,2020-11-05 18:08:47.064,0.1054402887821197,1.485610008239746,1.9257538318634035,0.2812357246875763,100.2067297852227,3.0,,,,,,,,0.958,,283.78,1.68,,,,,,,,,0.0,,,,,,,,7.087999,,6.708429,,7.397423,6.8823557,18.29911,2020,,283.78,0.69597524,0.09081404,10.63,0.478,0.0,0.0,0.0,0.0,0.0,0.0,0.0,0.0,0.0,,352.2928466945484,18,11.44,0.4725,,,,,1.9,0.16,412.8,436.8,0.16083117,0.08913222,0.5198294,0.39193708,0.99961764,0.48371171929739076,0.99957144
113,US-xDL,32.5417,-87.8039,13536,5,16SDB,2020-11-24,329,2020-11-23 18:08:47.064,0.0475968345999717,0.0,0.5716427564620972,0.2545794546604156,102.58185333954113,3.0,,,,,,,,0.98,,289.12,0.96,,,,,,,,,0.0,,,,,,,,6.528279,,7.474952,,8.004297,7.412678,7.854273,2020,,289.12,0.6706978,0.06759943,15.97,0.478,0.0,0.0,0.0,0.0,0.0,0.0,0.0,0.0,0.0,,388.2842681775145,18,11.44,0.4725,,,,,1.0,0.65,313.3,385.6,0.22161251,0.07424379,0.42453742,0.5071285,1.0,0.915,1.0
114,US-xDL,32.5417,-87.8039,13658,4,16SDB,2020-12-02,337,2020-12-01 18:08:47.064,0.0387477204203605,0.0,0.2960147261619568,0.2913925051689148,103.30658260041017,3.0,135.05815,0.6411957,1.0,0.00168,1.44150855,0.0168,99.148155,0.98,21.334555,285.48,0.56,380.90973,,221.45111,0.9714711,141.86366,0.020300908,0.008228013,0.36777902,0.0,0.0,0.27350876,0.7530951,197.91267,10.41261,0.0,,5.936363,,6.982871,,7.529512,7.0503407,7.5609145,2020,10.41261,285.48,0.56995654,0.10802937,12.33,0.478,0.0,0.0,0.0,0.0,0.0,0.0,0.0,0.0,0.0,266.7601633543485,369.096567499721,18,11.44,0.4725,,,418.15,-14.172,0.8,0.83,337.3,393.2,0.21901451,0.07475815,0.4081521,0.52369547,1.0,0.915,1.0
115,US-xDL,32.5417,-87.8039,13780,4,16SDB,2020-12-10,345,2020-12-09 18:08:47.064,0.0574931614100933,0.0,1.1808648109436035,0.2595124840736389,103.80227281922116,3.0,155.32866,0.7720438,1.0,0.00312,1.5400832,0.031199997,54.58718,0.976,20.03229,285.36,1.04,247.30594,,143.77946,0.5650059,109.74938,0.3260577,0.109792106,0.76125705,0.0,0.0,0.2893286,0.4364074,133.16922,9.487831,0.0,,7.6307945,,6.9244623,,7.4910326,7.0451236,9.195397,2020,9.487831,285.36,0.60763884,0.08252185,12.21,0.478,0.0,0.0,0.0,0.0,0.0,0.0,0.0,0.0,0.0,278.5071105140336,366.9723823914933,18,11.44,0.4725,14.2553042163372,20.8530800308649,280.68,-13.95,1.5,0.56,287.2,378.5,0.20751825,0.07969862,0.44032058,0.48613244,1.0,0.915,1.0
116,US-xDL,32.5417,-87.8039,13861,6,16SDB,2020-12-15,350,2020-12-14 18:08:47.064,0.0726311206817627,-0.0013781187590211,0.6543356776237488,0.2988454699516296,103.9905137267008,3.0,,,,,,,,0.974,,283.64,1.24,,,,,,,,,0.0,,,,,,,,6.141325,,6.6198344,,7.265865,6.781763,21.822746,2020,,283.64,0.55628014,0.08025843,10.49,0.478,0.0,0.0,0.0,0.0,0.0,0.0,0.0,0.0,0.0,,357.47036359178816,18,11.44,0.4725,,,,,1.3,0.59,283.3,353.3,0.2091887,0.077408664,0.41505253,0.5136745,1.0,0.915,1.0
117,US-xDL,32.5417,-87.8039,13983,6,16SDB,2020-12-23,358,2020-12-22 18:08:47.064,0.0296842530369758,0.0823756605386734,0.999117076396942,0.2563801407814026,104.09216640564104,3.0,203.54195,0.6305081,1.0,0.00504,0.9019985,0.050399996,61.75691,0.93,0.0,283.58,1.68,259.44592,,177.44427,0.854315,111.88006,0.09264931,0.051028017,0.5481152,0.0,0.0,0.31991628,0.9027836,127.32756,16.531155,0.0,,6.1693954,,6.3843412,,7.2062984,6.357977,22.737314,2020,16.531155,283.58,0.51214933,0.10385769,10.43,0.478,0.0,0.0,0.0,0.0,0.0,0.0,0.0,0.0,0.0,310.799812403534,341.03308964336054,18,11.44,0.4725,20.3078445582529,149.028789342294,334.96,2.199,0.9,0.18,342.4,359.1,0.2262572,0.08018524,0.4737051,0.44788247,1.0,0.6370686766030368,1.0
118,US-xDL,32.5417,-87.8039,14044,9,16SDB,2020-12-27,362,2020-12-26 18:08:47.064,0.0411759726703166,0.0,0.7298281788825989,0.2911354899406433,104.05011866869182,3.0,192.79517,0.5107948,1.0,0.00252,0.773420715,0.025199998,104.81565,0.976,0.0,284.64,0.84,281.6284,,176.99301,0.8942273,90.46228,0.0582291,0.044493195,0.4758442,0.0,0.0,0.31336024,0.0,1.7019774,8.828034,0.0,,7.2853813,,6.8302245,,7.36074,6.901729,23.501196,2020,8.828034,284.64,0.44999433,0.11227445,11.49,0.478,0.0,0.0,0.0,0.0,0.0,0.0,0.0,0.0,0.0,263.76275014631824,363.282701927417,18,11.44,0.4725,94.0927685823487,116.852355869834,360.41,-15.44,1.7,0.19,322.5,346.5,0.21033408,0.07845601,0.4207467,0.5074806,1.0,0.915,1.0
119,US-xDL,32.5417,-87.8039,14151,6,16SDB,2021-01-03,3,2021-01-02 18:08:47.064,0.1485700607299804,2.108514308929444,1.522915601730347,0.279774934053421,103.8712594219597,3.0,,,,,,,,0.968,,278.58002,0.96,,,,,,,,,0.0,,,,,,,,6.551275,,5.8973155,,6.568697,6.340832,28.521584,2021,,278.58002,0.40449637,0.10423838,5.43002,0.478,0.0,0.0,0.0,0.0,0.0,0.0,0.0,0.0,0.0,,330.5874759084629,18,11.44,0.4725,,,,,1.6,1.08,222.6,318.7,0.15223087,0.08942622,0.49605173,0.4151404,1.0,0.518184514576233,1.0
120,US-xJE,31.1948,-84.4686,7084,2,16RGV,2019-10-05,278,2019-10-04 18:22:07.536,0.3780723214149475,19.182048797607425,3.5721771717071533,0.2728083431720733,96.8138143196938,3.0,241.7158,0.6955631,0.009928062,0.00552,1.7135427,0.0552,125.04054,0.95,29.933268,305.7,1.84,591.8483,,569.4617,0.9582447,396.70215,0.03561524,0.006470263,0.41394642,0.0,0.0,0.1157897,0.95448834,374.56897,35.4439,0.0,,27.846401,,9.512018,,9.862955,8.484239,26.767412,2019,35.4439,305.7,0.71016365,0.066420436,32.55,0.39,0.0,0.0,0.0,0.0,0.0,0.0,0.0,0.0,0.0,440.14001087082806,470.45332091688135,18,13.57,0.4944,150.079455623514,318.301212662252,709.14,27.413666666666668,10.6,1.24,387.6,462.3,0.05152081,0.09509567,0.51473075,0.38967898,0.9996803,0.9149692404270172,0.9998288
121,US-xJE,31.1948,-84.4686,7145,2,16RGV,2019-10-09,282,2019-10-08 18:22:07.536,0.1332952380180359,14.70482063293457,3.3949532508850098,0.2754442691802978,97.60452253248025,3.0,,,,,,,,0.944,,302.12,2.12,,,,,,,,,0.0,,,,,,,,28.941114,,8.836136,,9.10478,7.9461856,18.631083,2019,,302.12,0.69052565,0.104661815,28.97,0.39,0.0,0.0,0.0,0.0,0.0,0.0,0.0,0.0,0.0,,445.9653088710854,18,13.57,0.4944,,,,,5.0,0.63,424.5,460.0,0.066822045,0.106626,0.5658646,0.32703546,0.9991695,0.914009912610054,0.9987925
122,US-xNW,40.0543,-105.5824,5578,2,13TDE,2019-06-30,181,2019-06-29 16:57:40.224,0.0656779482960701,25.695777893066406,1.754052758216858,0.2864609658718109,63.68734154539023,4.0,133.77452,0.9011979,1.0,0.00384,3.8178804,0.038399998,153.86366,0.948,7.450577,297.44,1.28,340.4986,,424.25592,0.32694253,375.73236,0.019839516,0.6516218,0.46318996,99.54236501347381,13.824634507265555,0.2578884,0.0,12.101629,22.843159,0.0,,3487.4778,,8.391315,,8.873179,7.571857,5.5420446,2019,22.843159,297.44,0.30266765,0.11576954,24.29,0.526,571.6426170249342,7.656713695923592,49.997759063606324,41.81800004911902,45.676447648432394,41.808209324353186,4.3213114151739305,0.009790724765835535,11.52397282198095,346.5493536807342,420.7431028468228,16,0.0,0.3301,,,631.26,,168.48,29.8,312.2,352.1,0.17413391,0.076919146,0.5022762,0.42010254,0.9992705,0.9135698980093002,0.9997659
123,US-xRM,40.2759,-105.5459,5406,4,13TDE,2019-06-19,170,2019-06-18 16:57:48.984,0.1101735979318618,52.88603973388672,1.3583433628082275,0.3425478637218475,63.614879722604215,4.0,156.17455,0.59076774,1.0,0.00288,3.555743,0.0288,100.93413,0.972,10.657575,284.9,0.96,389.8745,,224.03267,0.24149066,132.27031,0.25351956,0.5049898,0.6797107,47.44060863579352,0.0,0.34331855,0.44995558,242.82837,9.789945,0.0,,2738.0703,,6.7502327,,7.422104,6.924749,24.69058,2019,9.789945,284.9,0.5603779,0.05907728,11.75,0.472,573.5486430498892,3.8666129027434346,24.9821483140578,18.515671116777188,22.836498114655086,18.509157551538998,2.145650199402713,0.006513565238190466,2.8026613623876173,277.1043361345745,363.1175506170726,16,0.6900000000000001,0.4423,160.085473938416,150.866916088876,278.45,,484.9,38.75,303.0,423.9,0.082714185,0.081504285,0.5265984,0.3902916,0.9994801,0.9141126626729965,0.9996482
124,US-xRM,40.2759,-105.5459,5578,2,13TDE,2019-06-30,181,2019-06-29 16:57:48.984,0.0665357485413551,28.088115692138672,1.84070897102356,0.2875721454620361,63.67948675564277,4.0,98.178894,0.633834,1.0,0.00396,4.855255,0.0396,213.6473,0.884,5.6192174,281.56,1.32,684.17224,,435.0291,0.4111436,275.77295,0.12233333,0.4665231,0.5666953,91.38564490109245,68.95187267509144,0.36350822,0.5872528,362.7422,14.6686535,0.0,,2738.3271,,5.981648,,6.7708426,5.2378483,4.266919,2019,14.6686535,281.56,0.56295586,0.08498427,8.41,0.472,571.8010882797873,7.134363574122792,46.18717663745593,37.99845121034302,42.19688684462728,37.991488956354004,3.990289792828648,0.006962253989016176,7.766341596290076,300.359209444044,315.0266315532548,16,0.6900000000000001,0.4423,304.216224136548,222.897149306741,451.74,20.088,440.0,33.96,285.4,388.8,0.15982069,0.078068756,0.50540954,0.41580328,0.99932444,0.91360611140728,0.9998168
125,US-xRM,40.2759,-105.5459,10670,5,13TDE,2020-05-24,145,2020-05-23 16:57:48.984,0.0736475735902786,5.147436618804932,0.8589330911636353,0.3303238153457641,65.22666738670692,4.0,,,,,,,,0.95,,277.44,0.84,,,,,,,,,224.58677600433018,,,,,,,,2736.3926,,5.7152877,,6.4969463,5.861717,0.4565124,2020,,277.44,0.4309772,0.07783636,4.29,0.472,544.0874971940736,14.49265662788743,105.14616684836174,104.97985402833977,69.04821207969688,104.97201990513105,36.09795476866486,0.007834123208724009,17.48101967255661,,319.1619330913633,16,0.6900000000000001,0.4423,,,,,278.8,20.04,312.6,361.0,0.41277695,0.06453032,0.46817613,0.4674356,0.9990582,0.656687867464307,0.9999254
126,US-xUK,39.0404,-95.1921,5761,5,15SUD,2019-07-12,193,2019-07-11 17:39:13.896,0.1117717772722244,-0.1625987291336059,2.5660128593444824,0.3091683983802795,72.3428989246783,4.0,,,,,,,,0.974,,292.94,1.96,,,,,,,,,269.0318569990309,,,,,,,,295.75125,,7.932207,,8.479945,7.748573,24.28432,2019,,292.94,0.8683302,0.10187382,19.79,0.529,391.375865845531,13.70755046743317,123.74972553343804,132.44865768768344,31.145608535852002,13.790220852007387,92.60411699758603,118.65843683567604,27.40730297418501,,406.7099937821568,17,5.8,0.4664,,,,,379.9,71.29,438.4,511.7,0.6874002,0.050951403,0.45998168,0.4923159,0.621617,0.251682243347168,0.10411748
127,US-xUK,39.0404,-95.1921,6108,5,15SUD,2019-08-03,215,2019-08-02 17:39:13.896,0.2129392921924591,24.70906448364257,4.781943321228027,0.2978636622428894,74.85800145501776,4.0,498.5692,0.47870767,1.0,0.00744,3.61118475,0.0744,148.08185,0.962,50.0,299.96,2.48,559.6253,,489.36334,0.6008626,231.88455,0.25403562,0.14548162,0.601058,20.507251529657868,0.0,0.3061324,0.83725256,306.02585,28.896776,0.0,,295.69843,,8.526817,,8.914354,7.843127,5.9009676,2019,28.896776,299.96,0.8177778,0.11857569,26.81,0.529,338.60949386099526,1.8265321484038577,11.207709783281093,7.445244124529107,10.245330704555016,7.44142325508854,0.9623790787260766,0.0038208694405668098,2.431663594162973,405.2725545131675,441.6107432446123,17,5.8,0.4664,,,629.18,15.252,292.99,51.5,367.8,437.4,0.060563132,0.08906762,0.5465242,0.36305422,0.99928766,0.9141324055194855,0.9994868
128,US-xUK,39.0404,-95.1921,7516,7,15SUD,2019-11-02,306,2019-11-01 17:39:13.896,0.1042277365922927,0.819633960723877,0.9191104769706726,0.3251445889472961,94.94809714704957,4.0,71.36073,0.665149,1.0,0.0024,1.33860585,0.024,41.062202,0.976,0.0,276.06,0.8,149.44518,,66.31732,0.39821225,46.134956,0.2773716,0.36397868,0.7153041,0.0,0.0,0.26511195,0.43606097,69.22132,1.2740476,0.0,,295.65048,,5.6449556,,6.3365564,6.098812,22.584354,2019,1.2740476,276.06,0.6023008,0.066146106,2.91,0.529,0.0,0.0,0.0,0.0,0.0,0.0,0.0,0.0,0.0,235.035323001951,321.4215052590187,17,5.8,0.4664,15.1469035964964,72.6138328202737,,-16.043,2.54,-1.32,364.6,362.4,0.19657324,0.07679936,0.47756636,0.4469025,0.99926597,0.4510238124675418,0.9990903
129,US-xUK,39.0404,-95.1921,7985,4,15SUD,2019-12-02,336,2019-12-01 17:39:13.896,0.108162522315979,1.9574525356292725,0.9189603924751282,0.391567587852478,99.64193609188976,4.0,341.9877,0.813346,1.0,0.0024,1.7899311,0.024,100.88938,0.97,0.0,274.3,0.8,191.50374,,101.06197,0.51398736,82.42085,0.023909185,0.46205884,0.4202231,0.0,0.0,0.30223155,0.82906556,144.46413,5.1913633,0.0,,295.55676,,5.555856,,6.1359286,5.8480563,18.42712,2019,5.1913633,274.3,0.48911658,0.10969757,1.15,0.529,0.0,0.0,0.0,0.0,0.0,0.0,0.0,0.0,0.0,244.49199478974955,311.37672251799773,17,5.8,0.4664,34.4410046575358,157.26584105702,226.68,0.307,2.6,0.21,287.1,369.0,0.15342662,0.088369854,0.46851596,0.44341826,0.9994679,0.5095845566303092,0.99939406
130,US-xUK,39.0404,-95.1921,8325,8,15SUD,2019-12-24,358,2019-12-23 17:39:13.896,0.0502305328845977,0.1926981061697006,0.5926873683929443,0.2673030495643616,100.71370029824956,4.0,419.04752,0.71312124,,,0.99936485,,118.21905,0.956,0.0,281.24,0.84,184.0671,,144.04959,0.2281988,100.92665,0.09289329,0.6790879,0.5999361,0.0,0.0,0.2819922,0.59370416,122.44498,12.657937,0.0,,296.44278,,6.4425898,,6.975626,6.4239902,23.378468,2019,12.657937,281.24,0.39735717,0.059554987,8.09,0.529,0.0,0.0,0.0,0.0,0.0,0.0,0.0,0.0,0.0,290.0824921258806,339.1387598230222,17,5.8,0.4664,,112.556079547902,326.62,8.169,1.5,1.09,192.3,281.6,0.22853865,0.0748191,0.46639937,0.46091592,1.0,0.5113226219259139,1.0
131,US-xUK,39.0404,-95.1921,10994,7,15SUD,2020-06-13,165,2020-06-12 17:39:13.896,0.1078893393278122,16.313081741333008,2.699544906616211,0.3108876943588257,71.79002290788208,4.0,239.78275,0.43738592,1.0,0.00672,4.1890162,0.0672,82.308464,0.974,50.0,302.48,2.24,301.38672,,269.7554,0.6462574,118.182785,0.31260782,0.04684399,0.60921586,63.25183824194469,3.219272955989986,0.30173817,0.81337243,169.5224,29.333225,0.0,,297.09506,,8.930073,,9.330113,8.230346,26.964445,2020,29.333225,302.48,0.8898383,0.11542435,29.33,0.529,403.617014105591,4.945655976462781,32.29474299543384,25.940043409124115,29.51945538620163,25.93223536640618,2.775287609232212,0.007808042717936559,7.3008016211777615,409.6032644022403,462.3350220526551,17,5.8,0.4664,,,368.81,17.024,347.29,67.14,411.0,488.9,0.15671252,0.07818992,0.510574,0.41010734,0.9993187,0.9140637964010239,0.999699
132,US-xUK,39.0404,-95.1921,11909,6,15SUD,2020-08-11,224,2020-08-10 17:39:13.896,0.1432612538337707,10.70265007019043,4.34622049331665,0.2923482060432434,76.34191809275326,4.0,1000.0,0.47106045,1.0,0.008760001,3.12011755,0.0876,382.363,0.962,50.0,299.58,2.92,182.51494,,156.38757,0.32233402,73.077614,0.4393202,0.23881117,0.6969274,32.85788529599749,2.977567299751368,0.30794114,0.87845385,101.65158,29.102583,0.0,,296.19656,,8.610854,,9.02407,7.999105,1.2611378,2020,29.102583,299.58,0.7618812,0.16285838,26.43,0.529,307.04850877826107,2.746543167205344,17.376801213687813,12.68229790263182,14.37297852612928,12.68229790263182,3.0038226875585323,0.0,5.351180479254244,414.8480708566435,439.3771992228768,17,5.8,0.4664,131.783751203284,6.51926715021127,279.97,14.633,347.33,59.37,363.0,440.6,0.10701203,0.083588555,0.5288472,0.38597426,1.0,0.8271360389855641,1.0
133,US-xUK,39.0404,-95.1921,16668,8,15SUD,2021-06-14,165,2021-06-13 17:39:13.896,0.1210456192493438,0.0,1.876023530960083,0.3062410056591034,71.79002290788208,4.0,,,,,,,,0.932,,295.92,1.88,,,,,,,,,281.4250459028361,,,,,,,,296.34848,,8.335989,,8.727467,7.639165,25.181248,2021,,295.92,0.88798267,0.09946413,22.77,0.529,403.617014105591,13.811568400272746,125.86882194152453,142.62596049589123,32.45608250009367,15.308880912251439,93.41273944143086,127.3170795836398,27.99169735093565,,405.2512507795839,17,5.8,0.4664,,,,,347.29,67.14,411.0,488.9,0.69725764,0.049077254,0.44725522,0.5067991,0.62486756,0.2578564095497132,0.107335865
134,US-xUK,39.0404,-95.1921,16810,8,15SUD,2021-06-23,174,2021-06-22 17:39:13.896,0.1099024415016174,0.0102111222222447,2.556484699249268,0.3218845129013061,71.62763995039181,4.0,,,,,,,,0.964,,290.26,1.88,,,,,,,,,260.10998626106647,,,,,,,,295.69662,,7.579109,,8.133173,7.4514327,9.222123,2021,,290.26,0.86963665,0.10773062,17.11,0.529,406.61609310548243,14.34612251911642,119.5266975259368,125.83477572854116,38.64501742837323,27.57720385095569,80.88168009756356,98.25757187758546,28.021802255151098,,388.0046907249506,17,5.8,0.4664,237.726708402095,187.862743131391,764.71,16.236,385.65,67.01,387.0,466.6,0.6396943,0.055154063,0.45952368,0.48377526,0.6781783,0.32331703484058383,0.21915407
135,US-xUN,46.2339,-89.5373,12274,4,15TYM,2020-09-04,248,2020-09-03 18:01:51.048,0.0455126874148845,28.33982276916504,1.2408113479614258,0.3333104252815246,84.92413765429929,4.0,,,,,,,,0.978,,279.62,1.08,,,,,,,,,5.973378409951405,,,,,,,,495.53247,,6.158949,,6.790765,6.453102,16.98495,2020,,279.62,0.8391488,0.13355924,6.47,0.548,116.3198657245294,0.5940746887257148,3.11365488477039,2.2628672653753457,2.846624644938234,2.261136518584621,0.267030239832156,0.0017307467907246021,0.7977995334179578,,339.0181570418669,18,0.0,0.4592,,,,,21.8,4.36,282.2,359.4,0.051353037,0.09945372,0.52125525,0.37882537,0.9993512,0.9142389732599259,0.99923515
