tower,time_UTC,LE_insitu,H_insitu,Rn_insitu,G_insitu
US-Mpj,2019-01-31 21:30:00,49.11217,267.85355,401.65894,
US-Mpj,2019-02-18 22:30:00,20.038459,275.75351,380.90508,
US-Mpj,2019-06-09 18:30:00,36.815964,461.63438,763.3938,
US-Mpj,2019-06-12 17:30:00,39.612234,448.45742,709.87839,
US-Mpj,2019-06-20 14:00:00,23.355958,67.809362,145.58896,
US-Mpj,2019-06-21 21:30:00,34.045893,479.70832,637.00631,
US-Mpj,2019-06-25 20:00:00,36.819226,432.94291,712.31123,
US-Mpj,2019-06-29 18:00:00,88.109088,415.22919,706.25948,
US-Mpj,2019-07-02 17:00:00,89.808026,423.28319,,
US-Mpj,2019-07-10 14:00:00,,,117.9652,
US-Mpj,2019-07-27 00:00:00,,78.765321,-2.229683,
US-Mpj,2019-07-30 22:00:00,34.654375,250.72921,473.00833,
US-Mpj,2019-08-02 21:30:00,127.99553,488.40025,,
US-Mpj,2019-08-10 18:00:00,,322.37417,698.18915,
US-Mpj,2019-08-14 16:30:00,,292.52851,397.77653,
US-Mpj,2019-08-17 15:30:00,29.468029,194.80648,349.84703,
US-Mpj,2019-08-19 22:00:00,,436.26752,598.1072,
US-Mpj,2019-08-23 20:30:00,19.847288,318.00211,,
US-Mpj,2019-09-07 14:30:00,6.3283157,60.655309,118.52577,
US-Mpj,2019-10-05 20:00:00,,297.18275,623.46415,
US-ONA,2019-01-29 20:30:00,138.097,121.329,358.5928,35.29329125
US-ONA,2019-02-15 14:00:00,109.301,61.0294,,
US-ONA,2019-02-21 20:00:00,,,521.6538,53.7562575
US-ONA,2019-05-30 20:30:00,173.751,193.457,517.8497,24.8486575
US-ONA,2019-09-25 21:30:00,185.412,36.1287,444.1116,26.4438575
US-ONA,2019-12-06 17:00:00,144.219,153.182,388.8678,-1.0421629999999995
US-ONA,2020-01-25 21:00:00,106.9,94.2962,263.944,15.17593
US-ONA,2020-02-06 16:30:00,180.008,139.937,425.953,14.0808525
US-ONA,2020-03-28 20:30:00,152.067,211.117,488.404,26.59345
US-ONA,2020-04-01 18:30:00,278.044,307.667,713.367,20.9228625
US-ONA,2020-04-09 15:30:00,126.621,135.739,425.765,7.27679025
US-ONA,2020-04-13 14:00:00,125.255,126.756,301.444,2.48744875
US-ONA,2020-04-13 14:00:00,125.255,126.756,301.444,2.48744875
US-ONA,2020-05-26 21:00:00,197.647,114.46,526.893,30.5479
US-ONA,2020-05-30 19:30:00,241.425,128.646,549.93,42.075
US-ONA,2020-06-11 14:30:00,218.513,119.458,477.15,13.525
US-ONA,2020-06-15 13:00:00,93.8149,85.5222,238.63,-2.825
US-ONA,2020-07-31 19:00:00,375.541,168.376,622.59,38.2027
US-ONA,2020-08-08 16:00:00,283.114,150.46,661.205,25.650505
US-ONA,2020-08-12 14:00:00,187.322,109.39,339.198,-1.3560725000000002
US-ONA,2020-10-10 15:00:00,158.584,65.0273,331.395,6.738975
US-ONA,2020-10-14 13:30:00,141.343,25.4191,207.25,-9.555828
US-ONA,2020-11-26 20:00:00,188.232,105.286,394.523,26.78906333333333
US-ONA,2021-05-26 21:00:00,132.615,130.99,328.103,29.948666666666668
US-WCr,2019-02-13 17:00:00,,,,0.0438830499999999
US-WCr,2019-02-16 16:00:00,5.831651,43.26316,153.9761,0.2656667
US-WCr,2019-02-27 16:30:00,,179.7138,108.2092,-0.162832
US-WCr,2019-02-28 15:30:00,1.471271,78.64352,269.2374,-0.12033335
US-WCr,2019-03-02 15:30:00,7.317335,97.75131,229.3707,-0.41083335
US-WCr,2019-05-31 22:30:00,94.79713,-13.62383,104.5193,16.1605565
US-WCr,2019-06-04 21:00:00,198.0967,227.0053,423.8846,15.673195
US-WCr,2019-06-08 19:30:00,348.1055,317.0294,629.6369,15.88613
US-WCr,2019-06-15 17:00:00,,202.3977,664.2229,10.924793
US-WCr,2019-06-15 21:30:00,284.6365,189.0975,473.0761,12.6713115
US-WCr,2019-06-19 15:00:00,175.7299,155.3214,496.0807,
US-WCr,2019-06-19 20:00:00,313.088,267.8043,655.6921,15.664135000000002
US-WCr,2019-07-04 14:00:00,105.6918,84.04331,364.2951,15.119483
US-WCr,2019-07-05 13:00:00,16.16366,19.96094,132.9794,11.26114
US-WCr,2019-07-29 23:00:00,,17.01662,165.3403,
US-WCr,2019-08-02 21:30:00,,106.8032,473.3119,
US-WCr,2019-08-10 18:00:00,,116.1693,587.8946,
US-WCr,2019-08-10 23:00:00,205.2262,22.99072,194.4043,13.51773
US-WCr,2019-08-14 21:00:00,,73.62511,,15.6178545
US-WCr,2019-08-17 15:30:00,223.2252,97.82409,456.4674,
US-WCr,2019-08-17 20:30:00,,90.28589,524.032,19.95836
US-WCr,2019-10-08 19:00:00,44.79422,205.8243,423.6202,3.2796645
US-xST,2019-02-13 17:00:00,46.0707370034541,218.368460100554,,-1.9383333333333332
US-xST,2019-02-16 16:00:00,-7.86137557391745,24.7256213017565,170.36,-2.294666666666666
US-xST,2019-02-27 16:30:00,9.54452181912057,150.781686199207,42.21,-3.0073333333333334
US-xST,2019-02-28 15:30:00,,,274.65,-3.1940000000000004
US-xST,2019-03-02 15:30:00,13.0271984826068,122.057141058837,218.0,-3.207333333333333
US-xST,2019-06-08 19:30:00,262.364232674913,173.552765738044,661.89,30.589
US-xST,2019-06-09 18:30:00,,,,17.765
US-xST,2019-06-15 17:00:00,252.678496258755,171.130737350547,,15.066
US-xST,2019-06-15 21:30:00,,118.473634979842,473.76,23.92933333333333
US-xST,2019-06-19 15:00:00,141.933809620926,140.947983216712,499.58,4.458
US-xST,2019-06-19 20:00:00,204.444465123189,79.1171310968234,,20.743333333333336
US-xST,2019-07-04 14:00:00,123.820584641958,44.3838761892731,262.68,
US-xST,2019-07-05 13:00:00,42.717008612409,28.2116929029866,183.37,10.582666666666666
US-xST,2019-07-29 23:00:00,247.671869327678,26.2886214848318,204.73,15.203333333333331
US-xST,2019-07-30 22:00:00,253.09916541661,67.3279247585248,394.04,11.326666666666668
US-xST,2019-08-02 21:30:00,,25.728842582298,395.8,21.33033333333333
US-xST,2019-08-10 18:00:00,293.328435836512,58.5881145981064,,11.282666666666666
US-xST,2019-08-10 23:00:00,163.877772785581,6.01649801749106,209.37,
US-xST,2019-08-14 21:00:00,154.815751358501,36.1723962082709,303.64,13.940333333333331
US-xST,2019-08-17 15:30:00,188.599065957868,65.8784284051907,440.83,
US-xST,2019-08-17 20:30:00,334.403704579577,60.2111397995823,535.46,23.719666666666665
US-xST,2019-08-21 18:30:00,303.825337333902,107.545748342249,597.24,12.790333333333336
US-xST,2019-10-08 19:00:00,110.015270683719,,,5.196666666666666
US-xTR,2019-02-13 17:00:00,,,,-1.1565
US-xTR,2019-02-16 16:00:00,,,135.99,
US-xTR,2019-02-27 16:30:00,,182.247626489125,,-0.8660000000000001
US-xTR,2019-02-28 15:30:00,-6.95318339309631,184.26470337671,208.42,-0.9725
US-xTR,2019-03-02 15:30:00,19.4552249049617,142.201498393482,175.76,-1.0645
US-xTR,2019-06-08 19:30:00,276.985389311936,228.88101564373,669.22,17.203
US-xTR,2019-06-09 18:30:00,242.213431280534,185.948441408599,646.07,12.7875
US-xTR,2019-06-15 17:00:00,,,,10.7545
US-xTR,2019-06-15 21:30:00,124.486233378514,128.855888910546,498.66,
US-xTR,2019-06-19 15:00:00,,,523.93,
US-xTR,2019-07-04 14:00:00,94.4081715799316,55.8401837373744,284.3,7.3315
US-xTR,2019-07-05 13:00:00,42.0433751086285,15.2472425024566,179.37,
US-xTR,2019-07-29 23:00:00,180.569377940824,67.9766974153856,,
US-xTR,2019-07-30 22:00:00,245.561947653034,104.305522373766,411.19,8.211500000000001
US-xTR,2019-08-02 21:30:00,,,524.11,17.6925
US-xTR,2019-08-10 18:00:00,379.378233018952,175.482133250091,594.31,9.3675
US-xTR,2019-08-10 23:00:00,176.897418878127,40.1663150627618,239.91,
US-xTR,2019-08-14 21:00:00,162.016961237106,40.479292538545,,
US-xTR,2019-08-17 15:30:00,,146.545165928333,437.24,3.2745
US-xTR,2019-08-17 20:30:00,,8.7204315257117,,
US-xTR,2019-10-08 19:00:00,123.993325215586,162.504815326012,,6.1575
US-PFi,2019-02-13 17:00:00,,,,
US-PFi,2019-02-27 16:30:00,,,,
US-PFi,2019-02-28 15:30:00,,,,
US-PFi,2019-03-02 15:30:00,,,,
US-PFi,2019-05-31 22:30:00,,,,
US-PFi,2019-06-04 21:00:00,,,,
US-PFi,2019-06-07 20:00:00,,,,
US-PFi,2019-06-08 19:30:00,,,,
US-PFi,2019-06-15 17:00:00,,,,
US-PFi,2019-06-15 21:30:00,,,,
US-PFi,2019-06-19 15:00:00,,,,
US-PFi,2019-06-19 20:00:00,,,,
US-PFi,2019-07-04 14:00:00,,,,13.084
US-PFi,2019-07-05 13:00:00,,,,6.47
US-PFi,2019-07-29 23:00:00,339.202,,170.16,3.835
US-PFi,2019-08-02 21:30:00,345.094,137.709,433.232,20.621
US-PFi,2019-08-10 18:00:00,364.237,197.104,691.057,
US-PFi,2019-08-10 23:00:00,132.733,5.276,214.822,9.18
US-PFi,2019-08-14 21:00:00,254.963,109.595,497.112,5.82
US-PFi,2019-08-17 15:30:00,212.881,107.63,507.507,20.634
US-PFi,2019-08-17 20:30:00,,,,
US-PFi,2019-08-21 18:30:00,,,,
US-PFi,2019-09-01 14:30:00,59.508,55.262,242.581,1.151
US-PFi,2019-10-08 19:00:00,,,415.671,
US-PFi,,,,,
US-PFq,2019-02-13 17:00:00,,,,
US-PFq,2019-02-27 16:30:00,,,,
US-PFq,2019-02-28 15:30:00,,,,
US-PFq,2019-03-02 15:30:00,,,,
US-PFq,2019-05-31 22:30:00,,,,
US-PFq,2019-06-04 21:00:00,,,,
US-PFq,2019-06-07 20:00:00,,,,
US-PFq,2019-06-08 19:30:00,,,,
US-PFq,2019-06-15 17:00:00,,,,
US-PFq,2019-06-15 21:30:00,,,,
US-PFq,2019-06-19 15:00:00,,,,
US-PFq,2019-06-19 20:00:00,,,,
US-PFq,2019-07-04 14:00:00,102.251,83.23,349.257,22.305
US-PFq,2019-07-05 13:00:00,47.976,9.625,,14.655
US-PFq,2019-07-29 23:00:00,256.683,20.363,241.929,
US-PFq,2019-08-02 21:30:00,,,,
US-PFq,2019-08-10 18:00:00,,,,
US-PFq,2019-08-10 23:00:00,,,,
US-PFq,2019-08-14 21:00:00,,,,
US-PFq,2019-08-17 15:30:00,261.824,123.044,491.9,60.15
US-PFq,2019-08-17 20:30:00,242.011,73.182,520.852,
US-PFq,2019-08-21 18:30:00,506.674,,671.485,
US-PFq,2019-08-24 18:00:00,246.109,,698.98,52.716
US-PFq,2019-10-08 19:00:00,134.999,,451.317,
US-GLE,2019-02-02 21:30:00,,,,-1.270831388888889
US-GLE,2019-02-09 19:00:00,,,,-1.195132722222222
US-GLE,2019-02-12 18:00:00,,,,-1.2021206666666668
US-GLE,2019-02-15 17:00:00,,,,-1.2104862777777778
US-GLE,2019-02-16 16:00:00,,,,-1.2076399444444443
US-GLE,2019-02-16 22:30:00,,,,-1.2038733888888888
US-GLE,2019-02-17 21:30:00,,,,-1.1900416666666669
US-GLE,2019-02-20 20:30:00,,,,-1.1741917222222222
US-GLE,2019-02-20 20:30:00,,,,-1.1741917222222222
US-GLE,2019-02-23 20:00:00,,,,-1.1900161666666669
US-GLE,2019-02-27 18:00:00,,,,-1.1968806666666667
US-GLE,2019-02-27 18:00:00,,,,-1.1968806666666667
US-GLE,2019-03-02 17:00:00,,,,-1.1832937222222224
US-GLE,2019-05-30 23:30:00,,,,-0.9179495555555556
US-GLE,2019-06-15 16:30:00,,,,-0.7981360555555557
US-GLE,2019-06-18 16:00:00,,,,-1.1257175
US-GLE,2019-06-27 18:00:00,,,,
US-GLE,2019-07-04 15:30:00,,,,-1.0133448333333337
US-GLE,2019-07-07 14:30:00,,,,
US-GLE,2019-08-04 21:30:00,,,,
US-GLE,2019-08-13 23:30:00,,,,
US-GLE,2019-08-15 17:00:00,,,,
US-GLE,2019-08-19 15:30:00,,,,
US-GLE,2019-08-20 14:30:00,,,,
US-GLE,2019-08-25 18:30:00,,,,
US-GLE,2019-08-28 18:00:00,,,,
US-GLE,2019-09-01 16:00:00,,,,
US-GLE,2019-09-05 14:30:00,,,,
US-GLE,2019-10-03 21:30:00,,,,
US-GLE,2019-10-07 20:00:00,,,,
US-GLE,2019-10-15 16:30:00,,,,
US-GLE,2019-10-16 22:30:00,,,,
US-GLE,2019-10-31 16:30:00,,,,-3.2442636875
US-GLE,2019-12-07 19:30:00,,,,-1.636351722222222
US-GLE,2019-12-11 18:00:00,,,,-1.5702289444444444
US-GLE,2019-12-20 20:30:00,,,,-1.501082875
US-GLE,2019-12-23 19:30:00,,,,-1.4661512499999998
US-GLE,2019-12-24 19:00:00,,,,
US-GLE,2019-12-27 18:00:00,,,,-1.4088039444444442
US-GLE,2020-01-30 22:00:00,,,,-1.1654370555555555
US-GLE,2020-03-28 23:30:00,,,,-0.9225586111111111
US-GLE,2020-03-29 22:30:00,,,,-0.9197397222222222
US-GLE,2020-04-06 19:30:00,,,,-0.9059852222222222
US-PFd,2019-02-13 17:00:00,,,,
US-PFd,2019-02-16 16:00:00,,,,
US-PFd,2019-02-27 16:30:00,,,,
US-PFd,2019-02-28 15:30:00,,,,
US-PFd,2019-03-02 15:30:00,,,,
US-PFd,2019-05-31 22:30:00,,,,
US-PFd,2019-06-07 20:00:00,,,,
US-PFd,2019-06-08 19:30:00,,,,
US-PFd,2019-06-15 17:00:00,,,,
US-PFd,2019-06-15 21:30:00,,,,
US-PFd,2019-06-19 15:00:00,,,,
US-PFd,2019-06-19 20:00:00,,,,
US-PFd,2019-07-04 14:00:00,114.243,59.782,,4.294
US-PFd,2019-07-05 13:00:00,39.625,14.309,,
US-PFd,2019-07-29 23:00:00,133.938,26.583,270.738,16.935
US-PFd,2019-08-02 21:30:00,190.516,86.037,301.638,21.1
US-PFd,2019-08-10 23:00:00,150.002,45.708,239.337,15.87
US-PFd,2019-08-14 21:00:00,235.583,96.532,441.51,12.772
US-PFd,2019-08-17 15:30:00,162.287,106.684,402.455,-2.5
US-PFd,2019-08-17 20:30:00,,,517.08,15.495
US-PFd,2019-08-21 18:30:00,228.076,148.911,595.841,6.072
US-PFd,2019-10-08 19:00:00,144.0,77.249,,-5.347
US-PFd,,,,,
US-xAB,2019-06-17 18:30:00,103.801768529099,118.518591777755,241.53,0.3733333333333333
US-xAB,2019-07-29 01:30:00,104.053950925068,44.9004380820609,215.04,6.2620000000000005
US-xAB,2019-08-01 23:30:00,201.773870271912,142.333757806175,484.11,7.021666666666666
US-xAB,2019-08-04 23:00:00,267.970771051729,190.760767252196,527.14,9.018666666666666
US-xAB,2019-08-05 22:00:00,244.147585149284,253.946264377111,609.54,7.558333333333334
US-xAB,2019-08-12 19:30:00,234.001317362767,310.085062323613,,2.481
US-xAB,2019-08-19 17:00:00,,46.3355568156121,,-0.5523333333333333
US-xAB,2019-09-03 16:00:00,65.9945806032228,,199.93,-3.1236666666666664
US-xAB,2019-10-06 22:30:00,185.261021601533,100.695296955571,342.61,
US-xAB,2019-10-14 19:00:00,,,,
US-xAB,2020-02-10 19:30:00,27.8742790367758,,,-3.783666666666667
US-xAB,2020-02-14 18:00:00,,,106.3,-4.791
US-xAB,2020-02-22 20:00:00,,,,
US-xAB,2020-04-05 22:00:00,175.6124464945,,,4.8406666666666665
US-xAB,2020-04-06 21:00:00,120.172257551986,,,2.5836666666666663
US-xAB,2020-04-09 20:30:00,176.880940216503,397.222103229284,,4.308666666666666
US-xAB,2020-04-13 19:00:00,,,572.06,-2.326
US-xAB,2020-04-14 18:00:00,182.549505784915,306.446762912393,488.69,-2.283
US-xAB,2020-04-17 17:30:00,,212.390570370826,437.79,-3.247333333333333
US-xAB,2020-06-03 22:30:00,182.376127555684,303.246488953757,603.62,4.085666666666667
US-xAB,2020-06-04 21:30:00,,,,3.184333333333333
US-xAB,2020-06-14 18:30:00,,,,-2.4200000000000004
US-xAB,2020-06-18 17:00:00,112.378331258672,274.99327362811,469.15,-1.3563333333333334
US-xAB,2020-06-19 16:00:00,199.588918955861,38.018769692109,,-0.1023333333333333
US-xAB,2020-06-22 15:30:00,84.8892023893207,81.5522991701394,273.88,-2.8036666666666665
US-xAB,2020-06-23 14:30:00,49.265388451355,,125.89,
US-xAB,2020-07-29 00:30:00,,,342.88,6.106333333333333
US-xAB,2020-07-31 23:30:00,,,475.41,5.629
US-xAB,2020-08-01 23:00:00,,,502.7,3.049666666666667
US-xAB,2020-08-04 22:00:00,,,617.72,4.876333333333334
US-xAB,2020-08-05 21:30:00,,,648.66,3.4266666666666663
US-xAB,2020-08-09 01:30:00,,,183.2,2.7236666666666665
US-xAB,2020-08-09 20:00:00,,,645.76,
US-xAB,2020-08-13 18:00:00,,,506.64,-2.444333333333333
US-xAB,2020-08-13 23:00:00,,,503.43,2.0033333333333334
US-xAB,2020-08-16 17:30:00,,,426.22,2.2823333333333333
US-xAB,2020-08-17 16:30:00,,,305.65,0.7093333333333333
US-xAB,2020-08-20 16:00:00,,,243.42,-0.2809999999999999
US-xAB,2020-09-01 16:00:00,,,207.27,-2.687
US-xAB,2020-09-29 23:30:00,,,231.59,
US-xAB,2020-10-02 23:00:00,,39.2867507778978,268.66,
US-xAB,2020-10-03 22:00:00,153.01144612684,113.265567974409,385.47,3.142333333333333
US-xAB,2021-02-05 21:00:00,,,,2.0865
US-Var,2019-02-11 18:30:00,,,313.78,0.52918
US-Var,2019-02-21 21:30:00,,,454.6,20.261
US-Var,2019-05-30 00:00:00,,,369.01,45.087
US-Var,2019-06-02 22:30:00,,,585.6,54.622
US-Var,2019-06-06 21:00:00,,,688.46,47.718
US-Var,2019-06-09 20:00:00,,,690.75,44.989
US-Var,2019-06-13 18:30:00,,,622.3,27.236
US-Var,2019-06-17 00:00:00,,,376.29,42.191
US-Var,2019-06-20 16:00:00,,,330.03,1.3176
US-Var,2019-06-20 22:30:00,,,556.96,50.574
US-Var,2019-06-23 21:30:00,,,616.09,60.259
US-Var,2019-07-01 18:00:00,,,568.37,25.505
US-Var,2019-07-05 16:30:00,,,370.75,10.588
US-Var,2019-07-27 01:30:00,,,98.662,29.301
US-Var,2019-08-03 22:00:00,,,513.38,58.535
US-Var,2019-08-10 19:30:00,,,605.44,37.958
US-Var,2019-08-14 18:00:00,,,476.25,26.812
US-Var,2019-08-17 23:30:00,,,336.97,44.938
US-Var,2019-08-21 22:00:00,,,511.98,47.635
US-Var,2019-08-25 20:30:00,,,565.28,46.777
US-Var,2019-08-29 18:30:00,,,507.23,23.475
US-Var,2019-09-01 18:00:00,,,439.28,24.763
US-Var,2019-09-02 17:00:00,,,326.42,10.594
US-Var,2019-09-06 15:30:00,,,104.83,-8.0199
US-Var,2019-10-02 22:30:00,,,314.04,29.036
US-Var,2019-10-06 20:30:00,,,436.85,38.062
US-Var,2019-10-09 20:00:00,,,449.59,22.852
US-Var,2019-10-17 16:30:00,,,120.17,3.2258
US-Var,2019-10-17 23:00:00,,,193.73,17.189
US-Var,2019-10-21 21:30:00,,,335.96,30.656
US-Var,2019-11-01 17:30:00,,,217.44,3.1119
US-Var,2019-12-09 19:30:00,,,306.42,9.0326
US-Var,2020-02-05 20:30:00,,,389.73,23.736
US-Var,2020-02-13 17:30:00,,,204.83,-1.2695
US-Var,2020-02-21 21:00:00,,,448.39,35.736
US-Var,2020-02-25 19:00:00,,,428.94,24.102
US-Var,2020-02-29 17:30:00,,,280.1,2.2104
US-Var,2020-03-28 00:00:00,,,240.46,24.374
US-Var,2020-03-31 22:30:00,,,496.65,52.097
US-Var,2020-06-02 21:30:00,,,606.53,62.578
US-Var,2020-06-06 20:00:00,,,681.94,48.127
US-Var,2020-06-14 00:30:00,,,270.48,24.273
US-Var,2020-06-14 17:00:00,,,446.67,9.0043
US-Var,2020-06-17 16:00:00,,,296.07,2.457
US-Var,2020-06-17 22:30:00,,,513.86,56.481
US-Tw4,2019-02-11 18:30:00,,,380.135899,-1.1997275
US-Tw4,2019-02-14 17:30:00,,,200.184328,-0.6335815
US-Tw4,2019-05-30 00:00:00,,,462.187735,4.313303
US-Tw4,2019-06-02 22:30:00,,,685.861841,6.002226
US-Tw4,2019-06-09 20:00:00,,,772.857148,-0.117803
US-Tw4,2019-06-13 18:30:00,,,746.155333,5.339884499999999
US-Tw4,2019-06-20 16:00:00,,,407.464956,7.09017
US-Tw4,2019-06-20 22:30:00,,,691.332708,5.3382815
US-Tw4,2019-06-23 21:30:00,,,776.651787,-0.0900039999999999
US-Tw4,2019-07-01 18:00:00,,,675.437283,5.446199
US-Tw4,2019-07-27 01:30:00,,,199.243812,5.2394050000000005
US-Tw4,2019-08-03 22:00:00,,,712.266131,2.7876625
US-Tw4,2019-08-10 19:30:00,,,761.891705,8.660464000000001
US-Tw4,2019-08-14 18:00:00,,,621.11431,5.6660095
US-Tw4,2019-08-17 23:30:00,,,497.276665,7.181358
US-Tw4,2019-08-21 22:00:00,,,668.526457,3.856325
US-Tw4,2019-08-25 20:30:00,,,741.260395,4.335651
US-Tw4,2019-08-29 18:30:00,,,641.44587,10.913203
US-Tw4,2019-09-01 18:00:00,,,581.197851,6.371584
US-Tw4,2019-09-02 17:00:00,,,436.543075,5.6621250000000005
US-Tw4,2019-10-02 22:30:00,,,429.920943,0.2816859999999996
US-Tw4,2019-10-06 20:30:00,,,577.415867,0.0974444999999999
US-Tw4,2019-10-09 20:00:00,,,576.272528,4.173583
US-Tw4,2019-10-17 16:30:00,,,186.394278,3.715814
US-Tw4,2019-10-17 23:00:00,,,288.126617,4.367979500000001
US-Tw4,2019-11-01 17:30:00,,,309.860277,-3.38939
US-Tw4,2019-12-09 19:30:00,,,346.901439,0.6527965
US-Tw4,2020-02-05 20:30:00,,,,-2.388305
US-Tw4,2020-02-13 17:30:00,,,327.123001,-2.236454
US-Tw4,2020-03-31 22:30:00,,,570.301036,2.6059185
US-Tw4,2020-06-02 21:30:00,,,779.824433,0.6241045000000001
US-Tw4,2020-06-06 20:00:00,,,830.013941,4.719153
US-Tw4,2020-06-13 18:00:00,,,700.709707,8.268222000000002
US-Tw4,2020-06-14 00:30:00,,,390.101307,9.1231705
US-Tw4,2020-06-14 17:00:00,,,545.893443,10.3643405
US-Tw4,2020-06-17 16:00:00,,,396.303609,6.576196
US-Tw4,2020-06-17 22:30:00,,,694.329857,2.6727675
US-Tw1,2019-02-11 18:30:00,,,371.854492,0.462217
US-Tw1,2019-02-14 17:30:00,,,213.148534,0.369433
US-Tw1,2019-05-30 00:00:00,,,449.548404,5.94679
US-Tw1,2019-06-02 22:30:00,,,666.64817,9.460895
US-Tw1,2019-06-09 20:00:00,,,769.911462,9.267585
US-Tw1,2019-06-13 18:30:00,,,739.219939,15.039215
US-Tw1,2019-06-20 16:00:00,,,418.950493,11.148481
US-Tw1,2019-06-20 22:30:00,,,681.727243,13.876116
US-Tw1,2019-06-23 21:30:00,,,742.460708,9.025459
US-Tw1,2019-07-01 18:00:00,,,680.16157,13.981066
US-Tw1,2019-07-27 01:30:00,,,208.65818,
US-Tw1,2019-08-03 22:00:00,,,691.259857,
US-Tw1,2019-08-10 19:30:00,,,758.166064,19.719515
US-Tw1,2019-08-14 18:00:00,,,625.585239,14.944906
US-Tw1,2019-08-17 23:30:00,,,494.526892,16.453626
US-Tw1,2019-08-21 22:00:00,,,653.945317,17.623817
US-Tw1,2019-08-25 20:30:00,,,718.81991,15.69723
US-Tw1,2019-08-29 18:30:00,,,644.841217,17.780898
US-Tw1,2019-09-01 18:00:00,,,592.08624,13.615998
US-Tw1,2019-09-02 17:00:00,,,458.604157,13.211435
US-Tw1,2019-10-02 22:30:00,,,425.787159,10.884999
US-Tw1,2019-10-06 20:30:00,,,569.695846,10.870729
US-Tw1,2019-10-09 20:00:00,,,563.945817,12.080045
US-Tw1,2019-10-17 16:30:00,,,222.562464,7.921099
US-Tw1,2019-10-17 23:00:00,,,287.547665,9.71108
US-Tw1,2019-11-01 17:30:00,,,343.683821,6.190336
US-Tw1,2019-12-09 19:30:00,,,,0.489553
US-Tw1,2020-02-05 20:30:00,,,439.787762,0.214804
US-Tw1,2020-02-13 17:30:00,,,331.496314,
US-Tw1,2020-03-31 22:30:00,,,556.691966,-1.064007
US-Tw1,2020-06-02 21:30:00,,,756.554968,9.821531
US-Tw1,2020-06-06 20:00:00,,,809.987088,15.420035
US-Tw1,2020-06-13 18:00:00,,,698.204173,17.884368
US-Tw1,2020-06-14 00:30:00,,,396.548154,16.088029
US-Tw1,2020-06-14 17:00:00,,,557.421689,15.95657
US-Tw1,2020-06-17 16:00:00,,,417.446682,16.444009
US-Tw1,2020-06-17 22:30:00,,,676.672525,19.552078
US-NR1,2019-02-13 17:00:00,,,,-1.8
US-NR1,2019-02-16 16:00:00,,,,-1.27
US-NR1,2019-02-16 22:30:00,,,,-1.24
US-NR1,2019-02-20 20:30:00,,,,-1.63
US-NR1,2019-02-23 20:00:00,,,,-1.99
US-NR1,2019-02-27 18:00:00,,,,-1.66
US-NR1,2019-03-02 17:00:00,,,,-1.05
US-NR1,2019-05-31 22:30:00,,,,
US-NR1,2019-06-07 20:00:00,,,,-1.01
US-NR1,2019-06-19 15:00:00,,,,
US-NR1,2019-06-30 17:30:00,,,,
US-NR1,2019-07-04 15:30:00,,,,
US-NR1,2019-07-07 14:30:00,,,,
US-NR1,2019-07-29 23:00:00,,,,
US-NR1,2019-08-13 17:00:00,,,,
US-NR1,2019-08-16 23:00:00,,,,
US-NR1,2019-08-20 14:30:00,,,,
US-NR1,2019-08-28 18:00:00,,,,
US-NR1,2019-09-01 16:00:00,,,,
US-NR1,2019-09-05 14:30:00,,,,-0.136
US-NR1,2019-10-04 20:30:00,,,,
US-NR1,2019-10-08 19:00:00,,,,
US-NR1,2019-10-15 16:30:00,,,,
US-NR1,2019-10-16 22:30:00,,,,
US-NR1,2019-10-19 21:30:00,,,,
US-NR1,2019-10-20 20:30:00,,,,-3.54
US-NR1,2019-10-31 16:30:00,,,,-2.91
US-NR1,2019-12-04 20:30:00,,,,-1.39
US-NR1,2019-12-07 19:30:00,,,,-1.19
US-NR1,2019-12-11 18:00:00,,,,-1.37
US-NR1,2019-12-23 19:30:00,,,,-0.978
US-NR1,2020-01-30 22:00:00,,,,-1.17
US-NR1,2020-02-11 17:30:00,,,,-1.32
US-NR1,2020-02-15 22:30:00,,,,-1.13
US-NR1,2020-02-19 21:00:00,,,,-0.871
US-NR1,2020-02-20 20:00:00,,,,-0.863
US-NR1,2020-02-24 18:30:00,,,,-0.911
US-NR1,2020-02-27 17:30:00,,,,-0.898
US-NR1,2020-02-28 17:00:00,,,,-0.917
US-NR1,2020-03-02 16:00:00,,,,-0.946
US-NR1,2020-03-29 22:30:00,,,,-0.443
US-NR1,2020-04-06 19:30:00,,,,-0.469
US-NR1,2020-04-10 18:00:00,,,,-0.507
US-NR1,2020-04-14 16:30:00,,,,-0.617
US-NR1,2020-04-14 23:00:00,,,,-0.622
US-NR1,2020-04-18 15:00:00,,,,-0.628
US-NR1,2020-04-19 20:30:00,,,,-0.636
US-NR1,2020-04-22 20:00:00,,,,-0.643
US-NR1,2021-02-06 18:30:00,,,,-1.78
US-NR1,2021-02-10 17:00:00,,,,
US-NR1,2021-03-02 15:30:00,,,,-1.6
US-NR1,2021-06-25 18:00:00,,,,
US-NR1,2021-06-29 16:30:00,,,,
US-xRM,2019-02-13 17:00:00,,,281.82,-2.3465
US-xRM,2019-02-16 16:00:00,,88.9455813660208,321.47,-2.4665
US-xRM,2019-02-16 22:30:00,91.0222029231288,92.6312885348594,155.55,-1.581
US-xRM,2019-02-20 20:30:00,28.063423326905,322.373084699436,493.2,-4.2045
US-xRM,2019-02-23 20:00:00,34.6809882143737,263.830133215448,511.92,-2.0265
US-xRM,2019-02-27 18:00:00,51.3341223732988,327.094850906293,433.56,
US-xRM,2019-03-02 17:00:00,33.1835571191025,73.0858658255301,118.87,
US-xRM,2019-05-31 22:30:00,,,341.0,
US-xRM,2019-06-19 15:00:00,160.085473938416,150.866916088876,278.45,
US-xRM,2019-06-30 17:30:00,304.216224136548,222.897149306741,451.74,20.088
US-xRM,2019-07-07 14:30:00,230.712690083203,41.3096708084921,278.97,-3.747
US-xRM,2019-07-29 23:00:00,150.242201644812,165.785084728087,496.67,
US-xRM,2019-08-13 23:30:00,127.229182438196,76.1861825958042,262.04,13.585
US-xRM,2019-08-20 14:30:00,102.631669219582,,161.89,-3.364333333333333
US-xRM,2019-08-20 21:00:00,155.277495438318,273.17452532807,,16.503666666666668
US-xRM,2019-08-28 18:00:00,230.558124092128,428.634833535457,664.13,
US-xRM,2019-09-01 16:00:00,102.951405862147,212.774395832148,399.77,1.9773333333333327
US-xRM,2019-09-05 14:30:00,,,116.1,
US-xRM,2019-10-04 20:30:00,85.5803825363731,322.724730546347,478.45,12.629333333333332
US-xRM,2019-10-08 19:00:00,63.4630862955173,292.92195273448,527.85,4.858
US-xRM,2019-10-15 16:30:00,,206.435466520881,397.8,-6.5263333333333335
US-xRM,2019-10-16 22:30:00,22.4662435952519,67.6687707318719,156.18,
US-xRM,2019-10-19 21:30:00,18.0580192177549,29.6374413654723,68.23,
US-xRM,2019-10-31 16:30:00,69.9662187691914,66.5115952432957,334.2,
US-xRM,2019-12-04 20:30:00,28.2642791025517,152.697001523519,290.65,-2.725
US-xRM,2019-12-07 19:30:00,,147.324005666599,355.95,-2.6686666666666667
US-xRM,2019-12-11 18:00:00,,,-1.56,-2.778
US-xRM,2019-12-23 19:30:00,18.84164983505,116.540200337429,267.34,-1.8565
US-xRM,2020-01-30 22:00:00,13.4438084019538,61.1389063668727,146.68,-3.1995
US-xRM,2020-02-11 17:30:00,74.1434661329767,135.772135898063,386.41,
US-xRM,2020-02-15 22:30:00,18.4451247574979,39.8928507331394,111.69,-1.3785
US-xRM,2020-02-19 21:00:00,11.4272128423713,127.016752363349,167.3,-2.2625
US-xRM,2020-02-20 20:00:00,99.0815836115995,243.025847985586,520.48,-2.488
US-xRM,2020-02-24 18:30:00,68.7313353674637,255.044800735672,490.98,-0.618
US-xRM,2020-02-27 17:30:00,20.614841726808,188.410203522395,457.09,-2.135
US-xRM,2020-02-28 17:00:00,44.216060401078,114.106062757521,399.6,-1.867
US-xRM,2020-03-02 16:00:00,,88.2684210693364,306.05,-1.017
US-xRM,2020-04-06 19:30:00,84.18954033857,292.791325857187,716.0,-0.8569999999999999
US-xRM,2020-04-10 18:00:00,110.168673669659,319.930863980717,704.72,
US-xRM,2020-04-14 16:30:00,143.114556415833,228.492347006026,530.99,
US-xRM,2020-04-15 22:30:00,37.50566128348,66.8997354205437,129.55,-1.748
US-xRM,2020-04-18 15:00:00,,,174.64,-1.3633333333333333
US-xRM,2020-04-19 20:30:00,86.6506523924226,271.325465130485,709.07,-1.264
US-xRM,2021-02-06 18:30:00,-31.0405200095229,267.389568371085,392.44,-5.5495
US-xRM,2021-02-10 17:00:00,44.2126028232386,-34.7421885518302,-9.51,-3.4655
US-xRM,2021-03-02 15:30:00,,,134.31,
US-xRM,2021-06-16 15:30:00,115.199588430674,6.9202488668091,182.2,
US-xRM,2021-06-17 21:00:00,175.844995914656,239.599940737217,727.18,
US-xRM,2021-06-29 16:30:00,132.001276866812,183.743913712979,629.2,9.974333333333332
US-xNW,2019-02-13 17:00:00,,,114.36,-2.5563333333333333
US-xNW,2019-02-16 16:00:00,,,38.51,-2.1486666666666667
US-xNW,2019-02-16 22:30:00,,,42.54,-1.597
US-xNW,2019-02-20 20:30:00,,,100.25,-3.2965
US-xNW,2019-02-23 20:00:00,,,89.18,-1.818
US-xNW,2019-02-27 18:00:00,,,104.61,
US-xNW,2019-03-02 17:00:00,,,32.06,
US-xNW,2019-05-31 22:30:00,,,,0.246
US-xNW,2019-06-08 19:30:00,,,,
US-xNW,2019-06-19 15:00:00,,,298.97,1.0360000000000005
US-xNW,2019-06-30 17:30:00,,,631.26,
US-xNW,2019-07-04 15:30:00,,,360.89,
US-xNW,2019-07-07 14:30:00,,,289.02,
US-xNW,2019-07-29 23:00:00,,,324.43,27.9495
US-xNW,2019-08-13 17:00:00,,,552.42,26.051
US-xNW,2019-08-20 14:30:00,,,166.41,
US-xNW,2019-08-20 21:00:00,,,262.79,
US-xNW,2019-08-24 19:30:00,,,480.13,
US-xNW,2019-08-28 18:00:00,,,526.63,
US-xNW,2019-09-01 16:00:00,,,344.13,12.144666666666666
US-xNW,2019-09-05 14:30:00,,,141.05,
US-xNW,2019-10-04 20:30:00,,,366.44,
US-xNW,2019-10-08 19:00:00,,209.745367770934,320.63,16.858
US-xNW,2019-10-15 16:30:00,,,306.36,0.9993333333333334
US-xNW,2019-10-16 22:30:00,28.1653832901596,110.465490225493,131.63,17.11466666666667
US-xNW,2019-10-19 21:30:00,23.1316603277741,105.334312396642,153.56,
US-xNW,2019-10-27 18:30:00,,,-39.12,-3.446
US-xNW,2019-10-31 16:30:00,,,-3.64,
US-xNW,2019-12-04 20:30:00,,,102.69,
US-xNW,2019-12-07 19:30:00,,,24.59,
US-xNW,2019-12-11 18:00:00,60.0676356765356,-105.889264127167,,
US-xNW,2019-12-23 19:30:00,55.3375155417869,-19.0422718369203,34.71,-1.7939999999999998
US-xNW,2020-01-30 22:00:00,4.41001538193355,35.9246863757007,55.43,
US-xNW,2020-02-11 17:30:00,96.2100637842034,-139.338696041749,-62.5,-2.0083333333333333
US-xNW,2020-02-15 22:30:00,13.1382289440119,-45.6368319696265,5.82,-2.032
US-xNW,2020-02-19 21:00:00,-5.4196020872664,81.2081301782421,39.97,-1.6773333333333331
US-xNW,2020-02-20 20:00:00,,,-15.47,-1.9303333333333332
US-xNW,2020-02-24 18:30:00,,,118.11,-2.013333333333333
US-xNW,2020-02-27 17:30:00,6.15947036773918,24.5595702469811,80.03,-2.904666666666666
US-xNW,2020-02-28 17:00:00,63.7120601604189,-76.3033044888887,21.45,-3.0530000000000004
US-xNW,2020-03-02 16:00:00,,,40.22,-2.04
US-xNW,2020-03-29 22:30:00,,,75.56,-1.2016666666666669
US-xNW,2020-04-06 19:30:00,,,353.47,-0.069
US-xNW,2020-04-10 18:00:00,,,426.58,0.084
US-xNW,2020-04-14 16:30:00,,,116.27,0.725
US-xNW,2020-04-14 23:00:00,,,60.61,0.65
US-xNW,2020-04-18 15:00:00,,,82.7,
US-xNW,2020-04-19 20:30:00,,,117.38,-0.602
US-xNW,2020-04-22 20:00:00,,,287.82,0.252
US-xNW,2021-02-06 18:30:00,26.1764069383587,-2.61027582002158,109.97,-3.289333333333333
US-xNW,2021-02-10 17:00:00,45.9266115934543,-16.0678757144442,72.63,-1.9023333333333337
US-xNW,2021-03-02 15:30:00,41.5913591403278,-40.2657639233372,,-2.9133333333333336
US-xNW,2021-06-17 21:00:00,194.189964592455,186.747873745133,641.92,57.33866666666668
US-xNW,2021-06-21 19:30:00,215.19799508846,282.889107355256,723.27,60.823
US-NR3,2019-02-13 17:00:00,,,,46.39154
US-NR3,2019-02-16 16:00:00,,,-9.183607,-3.090803
US-NR3,2019-02-16 22:30:00,,,27.77578,-15.51211
US-NR3,2019-02-20 20:30:00,,,,33.21417
US-NR3,2019-02-23 20:00:00,,,,12.45968
US-NR3,2019-02-27 18:00:00,,,,
US-NR3,2019-03-02 17:00:00,,,-17.02643,0.03854317
US-NR3,2019-05-31 22:30:00,,48.7329771,,
US-NR3,2019-06-08 19:30:00,,,,
US-NR3,2019-06-19 15:00:00,,,,
US-NR3,2019-06-30 17:30:00,,,,
US-NR3,2019-07-04 15:30:00,,,301.6115,73.1479
US-NR3,2019-07-07 14:30:00,,,250.8999,50.5179
US-NR3,2019-07-29 23:00:00,,,,
US-NR3,2019-08-13 17:00:00,,,,
US-NR3,2019-08-20 14:30:00,,,,
US-NR3,2019-08-20 21:00:00,,73.31273633,177.9961,51.20795
US-NR3,2019-08-24 19:30:00,89.50929652,194.032123,517.3917,65.14394
US-NR3,2019-08-28 18:00:00,101.2901279,264.5381979,488.3978,131.1929
US-NR3,2019-09-01 16:00:00,68.54750082,111.7288361,306.8122,77.48985
US-NR3,2019-09-05 14:30:00,35.55928726,34.84251125,118.4234,10.89133
US-NR3,2019-10-04 20:30:00,,,,
US-NR3,2019-10-08 19:00:00,,,,
US-NR3,2019-10-15 16:30:00,,,,
US-NR3,2019-10-16 22:30:00,,,,
US-NR3,2019-10-19 21:30:00,,,,
US-NR3,2019-10-27 18:30:00,,,,
US-NR3,2019-10-31 16:30:00,,,,
US-NR3,2019-12-04 20:30:00,,,,
US-NR3,2019-12-07 19:30:00,,,,
US-NR3,2019-12-11 18:00:00,,,,
US-NR3,2019-12-23 19:30:00,,,,
US-NR3,2020-01-30 22:00:00,,,,
US-NR3,2020-02-11 17:30:00,,,,
US-NR3,2020-02-15 22:30:00,,,,
US-NR3,2020-02-19 21:00:00,,,,
US-NR3,2020-02-20 20:00:00,,,,
US-NR3,2020-02-24 18:30:00,,,,
US-NR3,2020-02-27 17:30:00,,,,
US-NR3,2020-02-28 17:00:00,,,,
US-NR3,2020-03-02 16:00:00,,,,
US-NR3,2020-03-29 22:30:00,,,,
US-NR3,2020-04-06 19:30:00,,,,
US-NR3,2020-04-10 18:00:00,,,,
US-NR3,2020-04-14 16:30:00,,,,
US-NR3,2020-04-14 23:00:00,,,,
US-NR3,2020-04-18 15:00:00,,,,
US-NR3,2020-04-19 20:30:00,,,,
US-NR3,2020-04-22 20:00:00,,,,
US-NR3,2021-02-06 18:30:00,-4.62642712125511,69.0645778643983,124.037,0.401253
US-NR3,2021-02-10 17:00:00,,,,
US-NR3,2021-03-02 15:30:00,,,,
US-NR3,2021-06-17 21:00:00,154.433496471271,286.739770917924,541.371,117.2332
US-NR3,2021-06-21 19:30:00,108.30913656588,318.331427730087,565.5087,122.633
US-PHM,2019-03-04 14:00:00,1.1407,-8.8255,,
US-PHM,2019-06-09 17:00:00,273.02,215.01,706.6817667,
US-PHM,2019-06-17 20:00:00,310.03,203.95,555.0977667,
US-PHM,2019-07-02 14:00:00,219.22,92.366,380.1377,
US-PHM,2019-07-03 13:30:00,216.05,71.217,406.4033667,
US-PHM,2019-07-06 12:30:00,144.59,58.255,285.5673667,
US-PHM,2019-08-02 20:00:00,265.34,66.126,505.0784667,
US-PHM,2019-08-31 14:00:00,179.65,83.062,373.9093,
US-PHM,2019-10-05 18:30:00,,,412.1689333,
US-PHM,2019-10-17 13:30:00,,,108.39224,
US-PHM,2019-10-18 19:00:00,,,321.8142333,
US-PHM,2019-10-19 18:30:00,,,334.0420333,
US-PHM,2019-10-26 16:00:00,76.156,59.812,420.1827,
US-PHM,2019-12-05 18:00:00,,,127.6619333,
US-PHM,2020-02-08 16:30:00,,,,
US-PHM,2020-02-22 17:00:00,81.0051,,,
US-PHM,2020-04-14 20:00:00,161.08,159.654,384.6668667,
US-PHM,2020-05-03 13:00:00,66.6771,-25.8953,296.5029667,
US-PHM,2020-05-28 21:00:00,153.042,95.9348,264.7377333,
US-PHM,2020-06-15 19:30:00,91.6634,129.248,545.1000333,
US-PHM,2020-06-19 18:00:00,233.031,181.227,669.0338667,
US-PHM,2020-06-21 11:30:00,65.8687,20.9674,180.9084,
US-PHM,2020-06-22 17:00:00,84.0817,97.6215,331.5643333,
US-PHM,2020-06-23 16:30:00,116.609,85.0281,720.8158333,
US-PHM,2020-07-25 22:00:00,175.294,16.0039,179.3064667,
US-PHM,2020-08-09 21:30:00,139.942,34.8736,146.0807533,
US-PHM,2020-08-10 16:00:00,288.186,164.151,530.4091333,
US-PHM,2020-08-17 18:30:00,102.664,117.249,559.9037,
US-PHM,2020-08-24 16:00:00,294.665,194.609,584.4653667,
US-NC2,2019-05-29 21:00:00,342.722473,48.524642,390.8754,8.783333333333333
US-NC2,2019-06-20 12:30:00,128.381386,20.203366,144.4456,1.8846666666666667
US-NC2,2019-08-14 15:00:00,,106.70649,527.3635,5.214666666666667
US-NC2,2019-10-02 19:00:00,,277.726792,408.1903,32.76
US-NC2,2019-10-31 15:00:00,182.988523,155.564323,313.208,22.87
US-NC2,2019-12-05 18:00:00,77.672333,,301.5012,14.06
US-NC2,2019-12-27 16:30:00,51.424179,86.108435,253.7175,31.105
US-NC2,2020-02-13 14:30:00,,,202.1584,31.285
US-NC2,2020-04-08 16:30:00,309.179856,118.442659,584.5245,
US-NC2,2020-04-12 15:00:00,238.97555,265.62775,480.7852,32.18333333333334
US-NC2,2020-05-25 21:30:00,170.250676,82.191871,238.2473,9.885666666666664
US-NC2,2020-06-02 18:30:00,422.833947,126.147031,481.575,
US-NC2,2020-06-06 17:00:00,143.718253,133.572989,538.3385,
US-NC2,2020-06-24 17:00:00,402.214985,190.899099,677.4059,
US-NC2,2020-07-26 21:30:00,,,337.7647,8.88
US-NC2,2020-07-30 19:30:00,,,435.5327,12.965
US-NC2,2020-08-11 15:00:00,,,494.2588,28.05
US-NC2,2020-10-05 17:30:00,201.673,,508.3542,
US-NC2,2020-10-13 14:00:00,40.2074,37.6003,99.5948,
US-NC2,2020-10-27 16:00:00,44.2504,38.7581,166.6135,
US-NC2,2020-11-29 19:30:00,66.4426,91.1398,,16.830000000000002
US-NC2,2020-12-03 18:00:00,85.6257,132.566,,17.066666666666666
US-NC2,2020-12-11 14:30:00,,,,2.442333333333333
US-NC2,2021-02-08 15:30:00,,,388.6733,13.536
US-NC2,2021-04-04 17:30:00,128.374,261.942,558.5466,
US-NC2,2021-06-17 19:30:00,324.016,218.166,568.2252,25.005000000000003
US-NC2,2021-07-28 20:00:00,199.767,138.892,91.78215,9.172
US-NC3,2019-05-29 21:00:00,405.11948,22.532999,349.14836,21.02375333333333
US-NC3,2019-06-20 12:30:00,,,140.51919,4.462741333333334
US-NC3,2019-08-14 15:00:00,,78.9565,492.71884,10.83575
US-NC3,2019-10-02 19:00:00,281.493664,59.0811,449.65123,14.831076666666666
US-NC3,2019-10-31 15:00:00,196.539643,31.1636,,
US-NC3,2019-12-05 18:00:00,,,,0.965535
US-NC3,2019-12-27 16:30:00,,,,7.213788000000001
US-NC3,2020-02-13 14:30:00,,,,15.231543333333336
US-NC3,2020-04-08 16:30:00,,287.467658,,21.56846
US-NC3,2020-04-12 15:00:00,,352.313241,,24.41596
US-NC3,2020-06-06 17:00:00,,,,18.22234333333333
US-NC3,2020-06-24 17:00:00,,,,16.077003333333334
US-NC3,2020-07-26 21:30:00,,,,
US-NC3,2020-07-30 19:30:00,,,,13.77785
US-NC3,2020-08-11 15:00:00,,,,10.801332333333333
US-NC3,2020-10-05 17:30:00,359.865,190.684,0.03095,5.043764333333333
US-NC3,2020-10-13 14:00:00,,,,
US-NC3,2020-10-27 16:00:00,,,,
US-NC3,2020-11-29 19:30:00,,7.04177,244.0319,4.33034
US-NC3,2020-12-03 18:00:00,,140.834,361.7091,-6.9334445
US-NC3,2020-12-11 14:30:00,,17.5471,138.873,-9.7023505
US-NC3,2021-02-08 15:30:00,,,,-13.326825
US-NC3,2021-04-04 17:30:00,,,,24.77007
US-NC3,2021-06-17 19:30:00,,,,11.75882
US-xUK,2019-06-02 21:00:00,,141.274062448029,507.9,14.808
US-xUK,2019-06-28 17:30:00,,67.9706470295558,725.3,19.083
US-xUK,2019-07-01 16:30:00,500.162719964482,116.891721623392,681.4,11.393
US-xUK,2019-07-27 23:00:00,,,285.63,
US-xUK,2019-08-03 20:30:00,,,629.18,15.252
US-xUK,2019-08-07 19:00:00,,,,-1.829
US-xUK,2019-08-10 18:00:00,,,,10.852
US-xUK,2019-08-14 16:30:00,,,606.2,-0.17
US-xUK,2019-08-14 23:00:00,,,249.1,8.231
US-xUK,2019-09-06 14:00:00,,,126.25,
US-xUK,2019-10-17 15:00:00,,111.940094377409,232.41,-16.927
US-xUK,2019-11-01 16:00:00,45.4822871759322,143.09207317996,317.55,-14.604
US-xUK,2019-11-02 15:00:00,15.1469035964964,72.6138328202737,,-16.043
US-xUK,2019-12-02 20:30:00,34.4410046575358,157.26584105702,226.68,0.307
US-xUK,2019-12-06 19:00:00,41.162123603587,,296.26,
US-xUK,2019-12-09 18:00:00,30.9901884928547,,233.77,-6.033
US-xUK,2019-12-13 16:30:00,,,156.57,-8.971
US-xUK,2019-12-21 19:30:00,26.8409695921756,,268.52,10.093
US-xUK,2019-12-24 19:00:00,,112.556079547902,326.62,8.169
US-xUK,2020-02-21 19:00:00,48.2084000149573,382.695646390039,487.55,
US-xUK,2020-02-29 16:00:00,20.8876122845875,151.954801079252,338.05,-10.666
US-xUK,2020-04-08 18:00:00,,271.973943115709,589.58,35.963
US-xUK,2020-05-02 15:30:00,,,483.85,9.688
US-xUK,2020-05-29 21:30:00,357.355309078254,176.51970783743,503.59,14.725
US-xUK,2020-06-02 20:00:00,405.543487500348,163.207627713412,676.66,20.709
US-xUK,2020-06-13 22:30:00,,,368.81,17.024
US-xUK,2020-06-14 15:30:00,,,512.16,6.386
US-xUK,2020-06-18 14:00:00,,,325.63,2.322
US-xUK,2020-06-22 19:00:00,,,740.98,12.513
US-xUK,2020-06-22 19:00:00,,,740.98,12.513
US-xUK,2020-06-30 15:30:00,,,197.04,10.116
US-xUK,2020-07-07 13:30:00,,9.42641575023105,230.63,2.406
US-xUK,2020-08-07 18:00:00,160.782296179427,68.6460889373101,640.65,6.475
US-xUK,2020-08-11 23:00:00,131.783751203284,6.51926715021127,279.97,14.633
US-xUK,2020-08-15 21:30:00,419.047607656041,66.7001059963659,477.34,11.16
US-xUK,2020-08-19 20:00:00,,100.16108321224,628.83,5.481
US-xUK,2020-08-23 18:30:00,503.601341977358,108.509492499254,651.14,10.023
US-xUK,2020-08-27 17:00:00,,,611.64,
US-xUK,2020-09-04 14:00:00,,,180.85,
US-xUK,2020-10-01 20:30:00,,,445.03,
US-xUK,2020-10-02 19:30:00,,,500.82,
US-xUK,2020-10-05 19:00:00,,,516.29,
US-xUK,2020-10-06 18:00:00,,262.858410154133,515.36,
US-xUK,2020-10-09 17:30:00,187.456023475905,258.962351332782,486.02,
US-xUK,2020-10-10 16:30:00,75.3303815428965,240.657862520755,406.63,
US-xUK,2020-10-14 15:00:00,55.2733061394921,105.950547402321,206.67,
US-xUK,2020-12-03 19:30:00,43.2697136511987,,239.98,-7.713
US-xUK,2020-12-07 18:00:00,,95.660154673691,312.53,-6.387
US-xUK,2021-06-23 18:00:00,237.726708402095,187.862743131391,764.71,16.236
US-xUK,2021-08-25 17:30:00,328.35413850214,127.966695964759,664.07,11.0365
US-xUK,2021-08-26 16:30:00,,56.6891836344589,570.08,9.8145
US-xUK,2021-09-02 14:30:00,81.4544594915502,18.8632245089925,197.92,-4.655
US-xUK,2021-09-26 22:00:00,247.020792099941,-59.7397497022892,239.95,12.4475
US-KM4,2019-06-02 21:00:00,231.5528062,76.43290921,359.6971,11.117281666666663
US-KM4,2019-06-21 13:30:00,133.6891161,67.42944601,365.2783,0.3279033333333333
US-KM4,2019-06-22 19:00:00,436.8403326,122.2711377,689.9075,40.26935333333333
US-KM4,2019-06-23 18:30:00,399.4519727,97.9134136,664.632,39.85736333333333
US-KM4,2019-06-27 16:30:00,309.365512,86.78666339,707.4521,23.766176666666667
US-KM4,2019-07-04 14:00:00,189.6541342,74.50163293,420.9798,11.682323000000002
US-KM4,2019-07-07 13:00:00,128.6283498,27.16066934,265.3656,-3.457608
US-KM4,2019-07-08 12:30:00,88.46431142,-6.045556931,144.59928,-15.196337
US-KM4,2019-07-31 21:30:00,265.448334,110.778555,455.6325,13.069661000000002
US-KM4,2019-08-04 20:00:00,351.4348204,,,28.28173
US-KM4,2019-08-07 19:00:00,277.3780965,119.6699427,564.9347,25.947716666666665
US-KM4,2019-08-11 17:00:00,250.4672663,169.2422075,616.9633,30.37743
US-KM4,2019-08-22 13:00:00,59.58331776,10.87704911,108.58749,-7.540120666666667
US-KM4,2019-08-24 18:00:00,206.7100092,253.4181478,625.3037,19.774403333333336
US-KM4,2019-09-04 14:00:00,142.8190972,60.34156247,319.27314,4.3076963
US-KM4,2019-09-05 13:00:00,,,151.85543,-9.591030333333334
US-KM4,2019-10-06 19:00:00,147.4074419,198.5056023,455.1271,10.3845875
US-KM4,2019-10-20 19:00:00,48.6432299,41.87085331,144.44021,13.00726
US-KM4,2019-10-23 18:30:00,127.7309432,152.8751151,384.1727,4.3474555
US-KM4,2019-10-27 16:30:00,105.4157107,34.00370392,199.76575,2.191621
US-KM4,2019-10-28 16:00:00,107.924441,108.4291229,325.0773,12.02601
US-KM4,2019-12-23 18:00:00,37.88862283,56.39096004,,-7.203825666666667
US-KM4,2020-04-05 19:00:00,44.28649519,,426.0577,24.52579666666667
US-KM4,2020-04-09 17:30:00,,,,-2.3162256666666665
US-xML,2019-05-28 22:00:00,66.1081694592465,76.2447420100253,193.96,34.419
US-xML,2019-06-15 21:30:00,104.924196098086,194.254855828923,441.84,32.394000000000005
US-xML,2019-06-19 13:30:00,66.4179972644578,61.16019787892,236.38,6.945
US-xML,2019-06-29 16:30:00,281.911914267111,211.943071379119,675.78,27.4825
US-xML,2019-07-26 22:30:00,98.2293447830373,75.4911631340111,209.05,
US-xML,2019-08-06 18:00:00,218.082835227258,262.119492644673,774.96,
US-xML,2019-08-17 14:00:00,224.284947635846,97.1261549582615,414.57,3.3475
US-xML,2019-09-04 14:00:00,,,368.71,1.517
US-xML,2019-10-05 18:30:00,23.6097395168004,117.214908078615,262.16,-8.1585
US-Vcp,2019-06-08 19:30:00,164.28317,403.84134,823.984,
US-Vcp,2019-06-12 17:30:00,195.67197,,744.31099,
US-Vcp,2019-06-19 15:00:00,194.50196,134.38649,377.59653,
US-Vcp,2019-06-21 21:30:00,248.21329,526.12729,699.80617,
US-Vcp,2019-06-25 20:00:00,269.52811,,828.91519,
US-Vcp,2019-06-29 18:00:00,,,712.83243,
US-Vcp,2019-07-02 17:00:00,328.94421,195.31191,561.29358,
US-Vcp,2019-07-03 16:30:00,196.03696,294.85635,609.05662,
US-Vcp,2019-07-10 14:00:00,,,135.179,
US-Vcp,2019-07-27 00:00:00,133.62817,-17.184366,160.92658,
US-Vcp,2019-07-29 23:00:00,139.1027,143.20005,441.83969,
US-Vcp,2019-08-13 17:00:00,178.46063,192.91987,636.25942,
US-Vcp,2019-08-17 15:30:00,158.03313,70.718466,371.04329,
US-Vcp,2019-08-31 17:00:00,101.22335,361.39276,589.12142,
US-Vcp,2019-09-07 14:30:00,,,21.405999,
US-xYE,2019-05-30 00:30:00,85.0043316829973,113.608950953235,236.41,7.870999999999999
US-xYE,2019-06-02 22:30:00,207.423502802042,179.750277643772,533.0,10.598999999999998
US-xYE,2019-06-09 20:00:00,,,,
US-xYE,2019-06-12 19:00:00,261.748349735949,330.433095532666,774.25,
US-xYE,2019-06-13 18:30:00,,158.931431514538,,4.386666666666667
US-xYE,2019-06-23 15:00:00,,,369.35,
US-xYE,2019-07-04 15:30:00,183.485588532345,159.593648514493,469.5,-1.108
US-xYE,2019-07-08 14:00:00,15.5092576440707,7.30669903737696,100.12,-0.7826666666666666
US-xYE,2019-08-02 23:00:00,,250.265588970974,453.09,
US-xYE,2019-08-03 22:00:00,180.88873369535,216.274422723494,570.6,
US-xYE,2019-08-13 18:30:00,,287.426555838876,652.54,-0.3376666666666666
US-xYE,2019-08-13 23:30:00,,174.823104371226,346.37,
US-xYE,2019-08-14 18:00:00,,284.312837975122,621.14,-0.584
US-xYE,2019-08-21 15:30:00,,,319.19,-2.291
US-xYE,2019-08-21 20:30:00,,,678.94,
US-xYE,2019-08-22 14:30:00,,7.23143968199849,44.48,-2.462333333333333
US-xYE,2019-08-28 18:00:00,149.012248178006,270.395266207938,577.71,
US-xYE,2019-09-01 16:00:00,,130.291591271189,376.37,-2.5416666666666665
US-xYE,2019-09-02 15:30:00,,139.381877876545,309.43,-2.591
US-xYE,2019-10-01 23:00:00,47.8509238618245,69.7009359455431,206.59,
US-xYE,2019-10-06 20:30:00,,,483.81,
US-xYE,2019-10-16 22:30:00,,,248.6,
US-xYE,2019-12-27 18:00:00,,80.3558577126913,139.15,
US-Los,2019-05-31 22:30:00,114.2204,102.5574,290.8828,9.836426
US-Los,2019-06-04 21:00:00,174.514,197.0437,474.8125,10.42618
US-Los,2019-06-07 20:00:00,280.2022,198.0999,634.8698,14.35367
US-Los,2019-06-08 19:30:00,,,648.5403,13.30009
US-Los,2019-06-13 21:30:00,129.1149,98.05532,361.6963,
US-Los,2019-06-15 17:00:00,,,704.6273,15.72457
US-Los,2019-06-15 21:30:00,254.4289,183.723,460.1895,14.42933
US-Los,2019-06-19 15:00:00,145.358,194.3846,544.4169,14.55342
US-Los,2019-07-04 14:00:00,,,408.4344,19.46703
US-Los,2019-07-05 13:00:00,,,91.2886,6.976379
US-Los,2019-07-29 23:00:00,176.4733,25.63805,226.0676,13.08317
US-Los,2019-08-02 21:30:00,,,528.1606,20.98782
US-Los,2019-08-10 18:00:00,,,,18.95103
US-Los,2019-08-10 23:00:00,,,131.088,13.06172
US-Los,2019-08-14 21:00:00,193.3828,48.94727,349.6456,13.37312
US-Los,2019-08-17 15:30:00,,,491.7858,19.37592
US-Los,2019-08-17 20:30:00,,,483.8654,19.63678
US-Los,2019-08-24 18:00:00,,,,20.06455
US-Los,2019-10-08 19:00:00,140.416,,429.5837,3.920036
US-Los,2020-08-10 22:30:00,168.0076,24.82407,281.1259,
US-xUN,2019-05-31 22:30:00,77.5272669759859,173.782239361479,297.7,23.108
US-xUN,2019-06-07 20:00:00,200.752184360844,190.525560069676,604.26,
US-xUN,2019-06-08 19:30:00,,265.533011688638,634.54,25.875
US-xUN,2019-06-13 21:30:00,,84.5504415325121,,10.051
US-xUN,2019-06-15 17:00:00,144.245399995099,212.228064628886,644.94,
US-xUN,2019-06-19 15:00:00,,,461.2,2.809
US-xUN,2019-06-19 20:00:00,133.570593025606,169.147149513741,,15.103666666666667
US-xUN,2019-06-20 19:00:00,95.0705026028338,120.100056116556,540.34,11.537666666666668
US-xUN,2019-06-28 15:30:00,209.195450817386,143.105230454162,430.2,11.198333333333332
US-xUN,2019-07-05 13:00:00,,,91.82,
US-xUN,2019-07-29 23:00:00,135.123667563415,,203.55,7.708000000000001
US-xUN,2019-08-10 18:00:00,,,638.79,7.963999999999999
US-xUN,2019-08-10 23:00:00,240.574707840512,-3.29208255797706,221.81,11.201666666666666
US-xUN,2019-08-17 15:30:00,251.513926913019,93.8842545916717,428.08,6.635666666666666
US-xUN,2019-08-17 20:30:00,,,459.06,22.546666666666667
US-xUN,2019-08-21 18:30:00,,,544.74,4.859333333333333
US-xUN,2019-09-01 14:30:00,35.5965329902894,22.6216455761542,117.04,-2.393666666666667
US-xUN,2019-10-08 19:00:00,70.014279874917,,,
US-Syv,2019-05-31 22:30:00,,,,
US-Syv,2019-06-07 20:00:00,,,,
US-Syv,2019-06-08 19:30:00,,,,
US-Syv,2019-06-13 21:30:00,,,,
US-Syv,2019-06-15 17:00:00,,,,
US-Syv,2019-06-19 15:00:00,,,,
US-Syv,2019-06-28 15:30:00,,,,
US-Syv,2019-07-05 13:00:00,,,,
US-Syv,2019-07-29 23:00:00,158.5456,26.64726,203.4784,18.13767
US-Syv,2019-08-10 18:00:00,,258.4447,702.15,
US-Syv,2019-08-10 23:00:00,85.77603,27.52725,197.524,13.16906
US-Syv,2019-08-14 21:00:00,322.8723,144.8795,506.4684,
US-Syv,2019-08-17 15:30:00,,48.15787,490.2283,
US-Syv,2019-08-17 20:30:00,242.7905,112.2614,472.7896,
US-Syv,2019-08-21 18:30:00,286.7599,109.4509,,23.47184
US-Syv,2019-10-08 19:00:00,65.21268,140.2729,387.491,10.8910615
US-ALQ,2019-05-31 22:30:00,,,292.5818,6.713059
US-ALQ,2019-06-08 19:30:00,,,635.8548,9.497438
US-ALQ,2019-06-13 21:30:00,,,419.6178,9.739155
US-ALQ,2019-06-15 17:00:00,,,653.885,10.56848
US-ALQ,2019-06-19 15:00:00,,,378.1111,10.75494
US-ALQ,2019-06-19 20:00:00,,,,10.95305
US-ALQ,2019-07-04 14:00:00,,,333.8472,
US-ALQ,2019-07-05 13:00:00,,,86.43327,8.185418
US-ALQ,2019-07-29 23:00:00,,,235.468,14.8139
US-ALQ,2019-08-10 18:00:00,,,707.9731,15.7148
US-ALQ,2019-08-10 18:00:00,,,707.9731,15.7148
US-ALQ,2019-08-10 23:00:00,,,213.9801,13.23091
US-ALQ,2019-08-14 21:00:00,,,,14.88933
US-ALQ,2019-08-17 15:30:00,,,511.8071,14.1606
US-ALQ,2019-08-17 20:30:00,,,499.7113,14.16894
US-ALQ,2019-08-24 18:00:00,,,,
US-ALQ,2019-09-01 14:30:00,,,121.012,
US-ALQ,2019-10-08 19:00:00,,,,6.754344
US-CS2,2019-06-02 21:00:00,198.256,264.5995,540.0546,24.14901
US-CS2,2019-06-08 19:30:00,292.8204,331.6226,612.0266,25.35286
US-CS2,2019-06-20 14:30:00,,,,19.84988
US-CS2,2019-06-22 19:00:00,271.0985,217.5613,649.135,25.62065
US-CS2,2019-07-29 23:00:00,253.292,35.81335,238.121,18.46455
US-CS2,2019-07-30 22:00:00,301.511,160.7409,403.2499,23.0905
US-CS2,2019-08-02 21:30:00,415.267,119.0154,490.1548,24.79129
US-CS2,2019-08-03 20:30:00,,150.519,417.1533,
US-CS2,2019-08-07 19:00:00,497.8842,248.699,724.1873,28.61441
US-CS2,2019-08-13 22:00:00,141.7393,32.59287,182.2753,13.7333
US-CS2,2019-08-17 20:30:00,,184.1171,565.153,27.06251
US-CS2,2019-08-24 18:00:00,,,666.2204,30.99173
US-CS2,2019-09-04 14:00:00,79.9003,102.393,270.4591,21.9936
US-DFC,2019-06-02 21:00:00,187.7106,32.92175,357.866,22.89855
US-DFC,2019-06-20 14:30:00,87.0951,60.8929,423.486,-0.7520765
US-DFC,2019-06-29 16:30:00,,,733.524,30.3528
US-DFC,2019-07-04 14:00:00,216.6986,76.2876,339.64,5.22938
US-DFC,2019-07-07 13:00:00,131.2745,23.07582,170.813,-11.8234
US-DFC,2019-07-27 23:00:00,,5.50823,329.665,24.12885
US-DFC,2019-07-30 22:00:00,294.0325,29.60459,390.935,17.61035
US-DFC,2019-08-03 20:30:00,492.37,115.9904,633.834,33.36305
US-DFC,2019-09-01 14:30:00,,,144.214,-0.7528350000000001
CA-Cbo,2019-06-02 21:00:00,245.18,326.57,500.94,10.038
CA-Cbo,2019-07-06 12:30:00,70.17,61.61,165.32,4.621
CA-Cbo,2019-07-28 22:30:00,186.94,14.08,267.72,9.506
CA-Cbo,2019-07-31 21:30:00,,105.59,411.57,6.0415
CA-Cbo,2019-08-04 20:00:00,,267.71,573.52,7.025499999999999
CA-Cbo,2019-08-07 19:00:00,,192.05,648.86,9.0515
CA-Cbo,2019-08-11 17:00:00,,,513.22,5.3355
CA-Cbo,2019-08-11 22:00:00,156.77,39.24,295.85,7.477
CA-Cbo,2019-10-03 20:00:00,82.41,,67.78,-6.330500000000001
CA-Cbo,2019-10-06 19:00:00,,80.46,345.57,9.6125
CA-Cbo,2019-10-07 18:30:00,242.77,99.02,291.73,4.517
CA-Cbo,2019-12-21 18:00:00,18.04,83.84,,-3.3185
CA-Cbo,2020-02-21 17:30:00,20.87,,,-2.223
CA-Cbo,2020-02-22 17:00:00,17.2,,,-2.2915
CA-Cbo,2020-04-01 20:30:00,,,464.97,
CA-Cbo,2020-04-05 19:00:00,,,,
CA-Cbo,2020-04-12 21:30:00,28.57,146.06,223.2,
CA-Cbo,2020-04-17 14:30:00,30.69,326.3,435.37,-6.3695
CA-Cbo,2020-04-20 18:30:00,27.61,,687.36,
CA-Cbo,2020-05-26 22:30:00,,58.36,199.95,23.0835
CA-Cbo,2020-05-30 21:00:00,,245.62,423.55,-1.0375
CA-Cbo,2020-06-03 19:30:00,,224.48,665.49,13.641000000000002
CA-Cbo,2020-06-07 18:00:00,188.0,549.15,749.03,0.895
US-xDL,2019-06-04 19:30:00,378.111752890618,51.73719448936,719.66,21.657
US-xDL,2019-06-08 17:30:00,529.480342053974,162.150425032951,736.6,7.295
US-xDL,2019-06-08 17:30:00,529.480342053974,162.150425032951,736.6,7.295
US-xDL,2019-06-16 14:30:00,228.845415539873,109.407989555438,432.4,8.51
US-xDL,2019-06-19 13:30:00,,,216.94,5.187
US-xDL,2019-06-20 21:00:00,,,598.86,24.077
US-xDL,2019-07-01 16:30:00,,,666.42,15.821
US-xDL,2019-07-05 15:00:00,,,504.23,5.696
US-xDL,2019-07-09 13:00:00,,,186.88,-1.889
US-xDL,2019-07-26 22:30:00,228.557452372455,16.6823431046442,328.56,16.572
US-xDL,2019-07-29 21:30:00,364.000523867221,24.9729977205618,449.62,17.916
US-xDL,2019-08-02 19:30:00,130.590902203356,,304.95,13.966
US-xDL,2019-08-06 18:00:00,592.701018592884,110.425662232965,722.14,
US-xDL,2019-08-17 14:00:00,67.0176142895295,23.1828820746147,288.68,
US-xDL,2019-08-29 17:00:00,498.513859555035,125.546523343055,693.77,3.0330000000000004
US-xDL,2019-09-02 15:30:00,296.969733221026,139.960232395219,561.72,1.8865
US-xDL,2019-09-06 14:00:00,109.967470635087,50.6070757550059,262.61,-15.8325
US-xDL,2019-10-01 20:00:00,147.505166230771,243.888160557776,540.8,
US-xDL,2019-10-05 18:30:00,146.503451440741,211.322720937648,622.89,
US-xDL,2019-11-01 16:00:00,100.468516856912,,461.56,-35.762
US-xDL,2019-12-24 19:00:00,,163.653097976399,,
US-xDL,2020-01-27 21:00:00,26.4003326935649,25.8854505900904,148.96,7.688
US-xDL,2020-01-31 19:30:00,8.07416541887788,41.5493073313814,120.89,6.681
US-xDL,2020-02-08 16:30:00,,,305.33,
US-xDL,2020-02-21 19:00:00,,,,
US-xDL,2020-02-29 16:00:00,,,,
US-xDL,2020-04-11 15:30:00,,,531.46,
US-xDL,2020-04-15 14:00:00,,,292.31,
US-xDL,2020-04-16 21:30:00,,,416.66,
US-xDL,2020-04-24 18:30:00,,,,
US-xDL,2020-05-02 15:30:00,,,560.5,
US-xDL,2020-05-06 13:30:00,,,237.31,
US-xDL,2020-05-24 22:30:00,,,314.45,
US-xDL,2020-06-05 18:00:00,,132.970173247839,811.23,
US-xDL,2020-06-13 14:30:00,,136.019871489142,431.01,
US-xDL,2020-06-21 19:30:00,567.024327909439,30.2406330919363,682.33,
US-xDL,2020-06-29 16:30:00,,,697.17,
US-xDL,2020-08-02 19:00:00,,,761.77,
US-xDL,2020-08-06 17:30:00,,,776.16,
US-xDL,2020-08-10 16:00:00,,,643.06,8.272
US-xDL,2020-08-14 14:30:00,,,345.97,
US-xDL,2020-08-23 18:30:00,,,712.5,15.379
US-xDL,2020-08-31 15:30:00,,,592.33,2.6425
US-xDL,2020-09-04 14:00:00,,,305.39,-6.481
US-xDL,2020-09-30 19:30:00,,,559.24,
US-xDL,2020-10-29 16:00:00,,,300.33,-5.125
US-xDL,2020-12-02 18:30:00,,,418.15,-14.172
US-xDL,2020-12-10 15:30:00,14.2553042163372,20.8530800308649,280.68,-13.95
US-xDL,2020-12-23 18:00:00,20.3078445582529,149.028789342294,334.96,2.199
US-xDL,2020-12-27 16:30:00,94.0927685823487,116.852355869834,360.41,-15.44
US-xDL,2021-01-26 21:00:00,,37.7373830925831,82.33,17.098
US-Me6,2019-06-04 22:30:00,125.3178,249.6868,601.9667,59.253775
US-Me6,2019-06-15 00:00:00,148.5911,203.9216,431.3667,17.545949999999998
US-Me6,2019-06-15 18:30:00,203.1757,287.3176,626.0,56.74584999999999
US-Me6,2019-06-17 23:00:00,139.6306,228.558,545.6667,41.68115
US-Me6,2019-06-18 17:30:00,130.021,230.6955,544.5,39.256150000000005
US-Me6,2019-06-19 16:30:00,174.6727,250.6889,410.5333,10.983325
US-Me6,2019-06-21 21:30:00,188.8041,479.034,625.3,37.400525
US-Me6,2019-06-28 19:00:00,160.9414,350.4039,691.9,47.412275
US-Me6,2019-07-06 15:30:00,10.5546,78.7225,245.0,15.286625
US-Me6,2019-07-29 01:30:00,58.1291,79.7275,121.2667,0.0007249999999996
US-Me6,2019-07-30 00:30:00,101.7056,247.5328,335.0333,4.0900750000000015
US-Me6,2019-08-01 23:30:00,52.1443,55.0494,128.1667,4.9462
US-Me6,2019-08-05 22:00:00,130.1592,292.3278,590.7667,40.207025
US-Me6,2019-08-12 19:30:00,10.8885,297.4966,633.9667,49.81975
US-Me6,2019-08-13 18:30:00,38.9308,301.0947,561.9333,43.785225
US-Me6,2019-08-15 23:30:00,46.5683,302.5476,418.4,24.635375
US-Me6,2019-08-16 18:00:00,65.3174,343.1229,522.3333,34.043225
US-Me6,2019-08-19 17:00:00,53.0712,230.3903,395.6333,25.763975
US-Me6,2019-08-20 16:00:00,55.2853,189.4026,252.0667,7.71955
US-Me6,2019-08-23 15:30:00,25.065,69.8615,166.5,0.7965249999999997
US-Me6,2019-08-26 19:30:00,91.0685,339.2403,608.7333,61.5329
US-Me6,2019-08-30 18:00:00,143.4369,150.1747,528.6,44.41295
US-Me6,2019-09-03 16:00:00,44.3773,101.5217,231.6667,6.084275
US-Me6,2019-10-03 23:00:00,72.3694,221.692,316.43,-0.7056
US-Me6,2019-10-08 20:30:00,71.1581,237.0566,307.2,23.229725
US-Me6,2019-10-18 22:30:00,48.7,150.9547,247.83,3.947875
US-Me6,2019-10-22 20:30:00,64.9965,178.1729,363.9,29.761525
US-Me6,2019-10-26 19:00:00,36.4117,211.7915,382.53,14.361225
US-Me6,2019-12-08 20:30:00,-1.6484,72.0423,226.83,-0.4548000000000001
US-Me6,2020-02-07 20:30:00,,,394.8,
US-Me6,2020-02-07 20:30:00,,,394.8,
US-Me6,2020-02-14 23:00:00,25.81435,176.94627,297.16667,5.223893333333334
US-Me6,2020-02-18 21:30:00,24.97177,201.97087,415.46667,
US-Me6,2020-02-22 20:00:00,41.63363,239.06956,446.13333,
US-Me6,2020-04-19 16:00:00,41.34962,113.30087,277.7,31.362686666666672
US-CF3,2019-06-07 21:30:00,,,,
US-CF3,2019-06-10 21:00:00,374.5836,60.54657,570.183,
US-CF3,2019-06-15 18:30:00,179.4281,195.6661,603.381,
US-CF3,2019-06-18 17:30:00,149.6147,232.598,486.2576,
US-CF3,2019-06-19 16:30:00,102.7198,230.6127,392.4774,
US-CF3,2019-07-30 00:30:00,18.007179999999995,78.83407,78.17121999999998,
US-CF3,2019-08-02 00:00:00,,,,
US-CF3,2019-08-04 23:00:00,,,,
US-CF3,2019-08-05 22:00:00,,,,
US-CF3,2019-08-12 19:30:00,,,,
US-CF3,2019-08-16 18:00:00,,,,
US-CF3,2019-08-19 17:00:00,,,,
US-CF3,2019-08-20 16:00:00,,,,
US-CF3,2019-08-23 15:30:00,,,,
US-CF3,2019-09-02 15:30:00,,,,
US-CF3,2019-10-08 20:30:00,28.01922,279.6634,303.3629,
US-CF3,2019-10-14 19:00:00,31.08441,206.9209,271.2716,
US-CF3,2019-10-15 18:00:00,40.37297,250.8082,321.5435,
US-CF3,2019-10-18 17:30:00,,86.51564,237.3678,
US-CF3,2019-12-11 19:30:00,36.43114,-6.165719,44.70291,
US-CF3,2020-02-14 18:00:00,57.54937,30.22103,,
US-CF3,2020-02-20 20:00:00,,,,
US-CF3,2020-04-13 19:00:00,80.81964,238.5621,473.2853,
US-CF3,2020-04-17 17:30:00,36.6781,237.0856,351.6926,
US-CF3,2020-04-21 16:00:00,49.90463,164.0513,241.5302,
US-CF1,2019-06-10 21:00:00,354.1794,41.59165,635.815,
US-CF1,2019-06-15 18:30:00,221.9331,158.0634,595.0267,
US-CF1,2019-06-18 17:30:00,314.1208,155.7605,556.7213,
US-CF1,2019-06-19 16:30:00,185.0977,153.3243,438.3932,
US-CF1,2019-07-30 00:30:00,39.74323,70.8539,171.0238,
US-CF1,2019-08-02 00:00:00,24.70453,141.7084,237.5629,
US-CF1,2019-08-04 23:00:00,,,323.9575,
US-CF1,2019-08-05 22:00:00,,,436.0919,
US-CF1,2019-08-12 19:30:00,108.1469,,,
US-CF1,2019-08-16 18:00:00,40.12893,327.0608,465.0249,
US-CF1,2019-08-19 17:00:00,24.34792,278.899,357.8052,
US-CF1,2019-08-20 16:00:00,,,,
US-CF1,2019-08-23 15:30:00,,,,
US-CF1,2019-09-02 15:30:00,10.69615,114.3231,166.1246,
US-CF1,2019-10-08 20:30:00,21.13141,226.8818,263.6289,
US-CF1,2019-10-14 19:00:00,32.36176,252.8306,254.6809,
US-CF1,2019-10-15 18:00:00,21.47963,166.5163,252.4056,
US-CF1,2019-10-18 17:30:00,68.08176,97.20654,129.9299,
US-CF1,2019-12-11 19:30:00,,,18.80985,
US-CF1,2020-02-20 20:00:00,74.7578,,,
US-CF1,2020-04-13 19:00:00,77.05077,305.2363,509.1356,
US-CF1,2020-04-17 17:30:00,26.69926,279.4141,404.3448,
US-CF1,2020-04-21 16:00:00,45.21603,203.6512,268.0291,
US-CF4,2019-06-07 21:30:00,,86.01595999999998,,
US-CF4,2019-06-10 21:00:00,387.0793,42.40155,592.3741,
US-CF4,2019-06-15 18:30:00,231.7405,88.37659000000002,636.7592,
US-CF4,2019-06-18 17:30:00,277.8498,108.1503,545.2686,
US-CF4,2019-06-19 16:30:00,187.8023,140.2232,456.9467,
US-CF4,2019-07-30 00:30:00,38.12323,94.07439,136.6837,
US-CF4,2019-08-02 00:00:00,,,,
US-CF4,2019-08-04 23:00:00,,,,
US-CF4,2019-08-05 22:00:00,,,,
US-CF4,2019-08-12 19:30:00,,,,
US-CF4,2019-08-16 18:00:00,,,,
US-CF4,2019-08-19 17:00:00,,,,
US-CF4,2019-08-20 16:00:00,,,,
US-CF4,2019-08-23 15:30:00,,,,
US-CF4,2019-09-02 15:30:00,,,-49.48635,
US-CF4,2019-10-08 20:30:00,33.17807,268.5565,328.6545,
US-CF4,2019-10-14 19:00:00,33.911120000000004,189.1722,295.6756,
US-CF4,2019-10-15 18:00:00,,,0.5498979,
US-CF4,2019-10-18 17:30:00,,,,
US-CF4,2019-12-11 19:30:00,,,,
US-CF4,2020-02-14 18:00:00,,,,
US-CF4,2020-02-20 20:00:00,,,,
US-CF4,2020-04-13 19:00:00,,,462.5824,
US-CF4,2020-04-17 17:30:00,,,520.4456,
US-CF4,2020-04-21 16:00:00,,,289.8148,
US-CF2,2019-06-10 21:00:00,282.1166,75.90048,683.015,
US-CF2,2019-06-15 18:30:00,131.6095,151.4638,657.7442,
US-CF2,2019-06-18 17:30:00,202.2349,135.668,575.3547,
US-CF2,2019-06-19 16:30:00,170.9085,157.6628,476.85,
US-CF2,2019-07-30 00:30:00,60.19181,81.29673000000003,172.7883,
US-CF2,2019-08-02 00:00:00,39.08434000000001,126.2623,237.3458,
US-CF2,2019-08-04 23:00:00,,,352.9481,
US-CF2,2019-08-05 22:00:00,,,464.1143,
US-CF2,2019-08-12 19:30:00,97.75523,286.9202,584.0197,
US-CF2,2019-08-16 18:00:00,,,,
US-CF2,2019-08-19 17:00:00,,,112.0707,
US-CF2,2019-08-20 16:00:00,,,227.3197,
US-CF2,2019-08-23 15:30:00,,,353.4811,
US-CF2,2019-09-02 15:30:00,10.30961,78.60635,105.4071,
US-CF2,2019-10-08 20:30:00,44.10379,342.3486,380.8028,
US-CF2,2019-10-14 19:00:00,,,205.9534,
US-CF2,2019-10-15 18:00:00,,,229.3013,
US-CF2,2019-10-18 17:30:00,,,199.9606,
US-CF2,2019-12-11 19:30:00,,,31.62921,
US-CF2,2020-02-20 20:00:00,,94.87111,,
US-CF2,2020-04-13 19:00:00,82.50198,214.3589,516.4078,
US-CF2,2020-04-17 17:30:00,64.02029,258.1599,370.974,
US-CF2,2020-04-21 16:00:00,46.42225,127.8312,252.1465,
US-UMd,2019-06-06 19:30:00,165.22,405.5,650.5,11.706
US-UMd,2019-06-17 20:00:00,,,396.59,12.683
US-UMd,2019-06-27 16:30:00,176.27,121.54,676.51,17.515
US-UMd,2019-07-08 12:30:00,8.1788,-0.95039,64.283,0.58229
US-UMd,2019-08-03 20:30:00,,183.4,499.28,21.834
US-UMd,2019-08-07 19:00:00,274.14,255.15,660.96,21.145
US-UMd,2019-08-10 18:00:00,202.04,184.0,495.57,17.064
US-UMd,2019-08-10 23:00:00,84.843,55.012,165.46,12.316
US-UMd,2019-08-11 17:00:00,192.59,282.63,692.28,23.024
US-UMd,2019-08-11 22:00:00,107.54,109.33,303.14,17.945
US-UMd,2019-08-21 19:00:00,174.51,,618.68,19.413
US-UMd,2019-10-06 19:00:00,,,425.0,19.449
US-UMB,2019-06-06 19:30:00,84.189,236.3,678.82,6.6922
US-UMB,2019-06-17 20:00:00,,220.36,,24.981
US-UMB,2019-06-27 16:30:00,303.05,163.99,689.1,23.632
US-UMB,2019-08-03 20:30:00,239.23,111.32,500.12,17.613
US-UMB,2019-08-07 19:00:00,232.9,129.72,655.78,16.796
US-UMB,2019-08-10 18:00:00,298.63,88.013,498.59,16.977
US-UMB,2019-08-10 23:00:00,169.7,17.508,185.75,8.6832
US-UMB,2019-08-11 17:00:00,280.83,197.58,,24.26
US-UMB,2019-08-11 22:00:00,113.41,56.834,308.7,16.163
US-UMB,2019-08-21 19:00:00,239.08,273.1,,20.892
US-UMB,2019-10-06 19:00:00,,127.61,449.16,15.195
US-Ha2,2019-06-08 18:00:00,,454.1,754.3,
US-Ha2,2019-06-28 16:00:00,296.0,234.5,726.5,
US-Ha2,2019-06-29 15:00:00,,90.2,,
US-Ha2,2019-07-06 12:30:00,8.051,55.79,142.3,
US-Ha2,2019-07-09 11:30:00,55.09,15.56,138.9,
US-Ha2,2019-08-02 20:00:00,254.1,210.9,547.1,
US-Ha2,2019-08-22 18:00:00,213.1,166.3,508.4,
US-Ha2,2019-10-05 18:30:00,130.7,266.0,474.5,
US-Ha2,2019-10-18 19:00:00,,,,
US-Ha2,2019-10-26 16:00:00,51.36,169.8,506.8,
US-Ha2,2019-10-29 15:00:00,,,,
US-Ha2,2019-12-05 18:00:00,,,,
US-Ha2,2019-12-25 16:30:00,5.499,120.3,221.9,
US-Ha2,2020-02-22 17:00:00,23.77,,,
US-Ha2,2020-04-07 17:30:00,,,622.0,
US-Ha2,2020-04-20 12:00:00,37.98,100.2,128.8,
US-Ha2,2020-04-29 14:30:00,58.66,180.4,521.7,
US-Ha2,2020-05-03 13:00:00,68.06,152.3,261.3,
US-Ha2,2020-05-28 21:00:00,74.63,67.94,186.0,
US-Ha2,2020-06-18 19:00:00,122.2,292.5,657.6,
US-Ha2,2020-06-19 18:00:00,180.8,301.5,757.1,
US-Ha2,2020-06-21 11:30:00,41.06,50.38,167.9,
US-Ha2,2020-06-22 17:00:00,225.7,338.2,786.0,
US-Ha2,2020-06-23 16:30:00,182.4,251.5,629.3,
US-Ha2,2020-07-04 12:30:00,28.83,63.33,267.0,
US-Ha2,2020-07-25 22:00:00,115.2,62.76,272.0,
US-Ha2,2020-07-29 20:30:00,293.1,184.2,493.5,
US-Ha2,2020-08-10 16:00:00,201.0,282.3,663.2,
US-Ha2,2020-08-20 17:30:00,213.0,325.7,724.4,
US-Ha2,2020-08-28 14:30:00,94.67,109.4,402.2,
US-Ha2,2020-10-04 18:00:00,123.1,139.8,462.8,
US-Ha2,2020-10-05 17:30:00,56.77,102.3,293.5,
US-Ha2,2020-10-08 16:30:00,138.2,,526.8,
US-Ha2,2020-10-09 16:00:00,155.3,,501.6,
US-Ha2,2020-10-22 17:00:00,81.16,125.4,339.1,
US-Ha2,2020-12-06 17:00:00,,18.16,,
US-Ha2,2020-12-10 15:30:00,21.34,-11.32,146.9,
US-Ha2,2021-02-25 15:00:00,,309.7,338.6,
US-Ha2,2021-03-30 20:00:00,89.17,335.0,448.4,
US-Ha2,2021-04-03 18:30:00,43.05,412.9,637.1,
US-Ha2,2021-04-26 15:00:00,39.37,,655.2,
US-Ha2,2021-04-30 13:30:00,50.71,-25.49,170.8,
US-Ha2,2021-05-25 21:30:00,86.31,178.3,335.1,
US-Ha2,2021-06-01 19:30:00,250.0,296.4,649.1,
US-Ha2,2021-06-06 17:00:00,266.5,389.6,768.4,
US-Ha2,2021-06-18 12:30:00,102.7,162.3,321.4,
US-Ha2,2021-06-24 15:30:00,241.9,316.2,729.1,
US-Ha2,2021-06-27 15:00:00,,202.6,405.2,
US-Ha2,2021-06-28 14:00:00,156.7,263.7,547.5,
US-Ha2,2021-07-27 21:00:00,,97.61,369.3,
US-Ha2,2021-08-13 14:00:00,221.6,145.8,498.6,
US-Ha2,2021-08-27 14:30:00,121.0,190.0,512.3,
US-Ha2,2021-10-12 14:30:00,3.141,128.7,391.6,
US-Ha2,2021-10-15 13:30:00,53.28,102.9,231.5,
US-Ha2,2021-10-25 15:30:00,,,69.8,
US-Ha2,2021-12-20 17:00:00,,,304.2,
US-Ro4,2019-06-08 19:30:00,,241.833869,624.629,33.57303
US-Ro4,2019-06-12 17:30:00,183.019495,,541.9875,13.942395
US-Ro4,2019-06-19 15:00:00,139.868304,121.62295,295.62,2.0082685
US-Ro4,2019-06-29 16:30:00,261.882954,130.702818,487.7366,18.25426
US-Ro4,2019-07-04 14:00:00,,72.599479,208.2549,5.7147665
US-Ro4,2019-07-07 13:00:00,62.788576,10.4806535,71.17162,0.5351271
US-Ro4,2019-07-29 23:00:00,126.355797,13.59177,283.3678,14.875795
US-Ro4,2019-08-05 20:30:00,183.243546,67.443943,382.1049,15.982875
US-Ro4,2019-08-13 17:00:00,205.1214415,127.09892,472.2321,8.0665015
US-Ro4,2019-08-24 18:00:00,197.667511,159.307968,464.6581,8.4261475
US-Ro4,2019-08-27 17:00:00,226.89831,154.7151505,488.08,2.978717
US-Ro4,2019-08-28 16:30:00,179.075211,155.724158,442.9519,1.7439509
US-Ro4,2019-09-04 14:00:00,62.137237,,68.2936,-5.059078
US-Ro4,2019-10-08 19:00:00,68.685032,,370.2394,5.6257585
US-NC4,2019-08-14 15:00:00,122.331199,113.068479,581.8325,4.0760000000000005
US-NC4,2020-04-08 16:30:00,,,616.6432,5.767
US-NC4,2020-04-12 15:00:00,,,,-4.3885
US-NC4,2020-07-30 19:30:00,,,467.3228,4.147
US-NC4,2020-10-05 17:30:00,267.66,165.319,478.1873,-3.661
US-NC4,2020-10-13 14:00:00,,,,3.2695
US-NC4,2021-04-04 17:30:00,207.46,379.378,,-6.2330000000000005
US-UC1,2019-06-27 16:30:00,241.068,78.6978,547.63,
US-UC1,2019-07-01 15:00:00,149.426,137.045,515.199,
US-UC1,2019-07-04 14:00:00,133.109,89.2897,389.062,
US-UC1,2019-07-08 12:30:00,,7.92347,49.0162,
US-UC1,2019-08-20 13:00:00,98.1631,55.4191,238.107,
US-UC1,2019-08-21 19:00:00,312.362,55.7962,,
US-UC1,2019-10-04 19:00:00,178.813,,456.066,
US-UC1,2019-10-05 18:30:00,110.579,,503.976,
US-UC2,2019-06-27 16:30:00,313.902,102.465,611.176,93.5561
US-UC2,2019-07-01 15:00:00,140.297,104.356,525.67,49.1031
US-UC2,2019-07-04 14:00:00,164.748,80.1752,409.192,
US-UC2,2019-07-08 12:30:00,31.5325,4.68706,42.4385,-23.5029
US-UC2,2019-08-20 13:00:00,80.1734,52.3402,242.618,-14.33115
US-UC2,2019-08-21 19:00:00,260.257,43.8466,,34.13725
US-UC2,2019-10-04 19:00:00,146.752,,431.014,16.42456
US-UC2,2019-10-05 18:30:00,95.561,,462.896,10.237585
US-xJE,2019-10-02 19:00:00,161.284470435115,256.074496869307,667.34,
US-xJE,2019-10-05 18:30:00,150.079455623514,318.301212662252,709.14,27.413666666666668
CA-DB2,2020-04-11 20:30:00,,,538.925101,73.638864
CA-DB2,2020-04-12 19:30:00,,,511.944534,
CA-DB2,2020-04-14 19:30:00,,,531.09243,
CA-DB2,2020-04-15 19:00:00,,,492.511947,27.27315367
CA-DB2,2020-04-16 18:00:00,,,412.797279,7.056527333
CA-DB2,2020-04-19 17:30:00,,,319.352051,3.665271667
CA-DB2,2020-05-29 01:30:00,,,166.410622,28.17638633
CA-DB2,2020-05-30 01:00:00,,,255.310898,25.13802833
CA-DB2,2020-06-01 01:00:00,,,166.112053,7.580750333
CA-DB2,2020-06-02 00:00:00,,,394.60511,29.38920567
CA-DB2,2020-06-04 23:30:00,,,453.520507,29.68352967
CA-DB2,2020-06-06 22:00:00,,,582.493455,40.34850933
CA-DB2,2020-06-08 22:00:00,,,363.283344,22.342583
CA-DB2,2020-06-13 19:30:00,,,574.292549,28.44269
CA-DB2,2020-06-16 18:30:00,,,392.244229,19.05317067
CA-DB2,2020-06-17 18:00:00,,,514.161225,
CA-DB2,2020-06-18 17:00:00,,,379.922993,8.072002667
CA-DB2,2020-06-22 15:30:00,,,163.919722,-8.877002667
CA-DB2,2020-06-25 14:30:00,,,63.054896,-8.519359667
CA-DB2,2020-07-30 01:30:00,,,180.113853,7.289530667
CA-DB2,2020-07-31 00:30:00,,,288.342022,14.310839
CA-DB2,2020-08-02 00:30:00,,,301.799488,9.804666333
CA-DB2,2020-08-03 23:00:00,,,442.214011,21.81008333
CA-DB2,2020-08-05 23:00:00,,,444.542717,16.96487067
CA-DB2,2020-08-14 19:00:00,,,479.612267,33.09410733
CA-DB2,2020-08-15 18:00:00,,,398.701707,15.474281
CA-DB2,2020-08-18 17:30:00,,,366.242043,6.559689333
CA-DB2,2020-08-22 16:00:00,,,190.559594,-3.108915
US-xBL,2020-04-15 20:30:00,116.421333642806,206.833375184621,415.23,16.886
US-xBL,2020-05-01 14:30:00,191.27259343986,142.861526567652,513.37,6.736666666666667
US-xBL,2020-05-28 21:00:00,,,436.48,
US-xBL,2020-06-09 16:00:00,,,669.56,
US-xBL,2020-06-12 22:00:00,,,256.36,
US-xBL,2020-06-13 14:30:00,161.551065002434,104.866939243862,451.35,
US-xBL,2020-06-21 18:00:00,,,,
US-xBL,2020-06-24 17:00:00,,,760.86,
US-xBL,2020-07-25 22:00:00,,,344.69,
US-xBL,2020-07-29 20:30:00,,,527.28,
US-xBL,2020-08-02 19:00:00,,,629.27,
US-xBL,2020-08-10 16:00:00,,,662.59,
US-xBL,2020-08-18 12:30:00,,,142.14,
US-xBL,2020-08-26 16:00:00,,,607.07,
US-xBL,2020-09-26 21:00:00,,,107.6,
US-xBL,2020-09-30 19:30:00,,66.4866603812128,443.25,12.576
US-xBL,2020-10-04 18:00:00,,116.934512959648,427.26,10.909
US-xBL,2020-10-08 16:30:00,,,598.08,
PR-xLA,2020-08-08 14:00:00,228.095619979679,44.1385069545567,483.8,-0.9016666666666668
PR-xLA,2020-12-04 15:30:00,,,559.55,2.3846666666666665
PR-xLA,2021-02-05 14:30:00,,,477.11,2.050333333333333
PR-xLA,2021-02-09 13:00:00,,,,
PR-xLA,2021-03-28 18:30:00,,,627.34,33.01133333333333
PR-xLA,2021-04-01 17:00:00,247.201649890736,292.968840351162,736.76,26.150666666666663
PR-xLA,2021-04-13 12:00:00,,,112.04,-11.170000000000002
PR-xLA,2021-05-22 20:30:00,108.133498695737,114.223732531034,271.42,22.427333333333333
PR-xLA,2021-06-07 14:30:00,274.421744253631,164.352143143521,656.22,
PR-xLA,2021-06-11 13:00:00,126.129803457176,97.6942029530239,322.58,-0.6233333333333332
PR-xLA,2021-07-02 14:30:00,273.481466757965,92.7439354264508,555.77,2.191
PR-xLA,2021-07-25 19:30:00,241.009353861125,156.365606454963,466.77,18.692666666666668
PR-xLA,2021-07-29 17:30:00,409.680518271307,253.332981867005,698.05,19.189
PR-xLA,2021-08-06 14:30:00,,195.7875864036,470.73,4.180666666666666
PR-xLA,2021-09-27 18:00:00,340.910133248112,134.005732459989,656.68,18.49533333333333
PR-xLA,2021-10-01 16:30:00,406.481868168912,116.838201379833,607.43,10.376333333333331
PR-xLA,2021-10-09 13:30:00,168.604742659262,61.8149352272534,401.28,-5.848
PR-xLA,2021-11-30 16:30:00,270.002752258349,136.314959524394,478.36,4.904
PR-xGU,2021-02-05 14:30:00,143.049529449327,203.202563446752,522.89,-1.22
PR-xGU,2021-02-09 13:00:00,,,226.61,-6.4013333333333335
PR-xGU,2021-03-28 18:30:00,,,715.42,6.254333333333332
PR-xGU,2021-04-01 17:00:00,100.657729733443,435.341830986903,819.67,
PR-xGU,2021-05-22 20:30:00,,,344.02,7.263666666666668
PR-xGU,2021-07-02 14:30:00,,,625.53,-0.1896666666666666
PR-xGU,2021-07-25 19:30:00,,,522.8,6.380666666666667
PR-xGU,2021-07-29 17:30:00,,,746.82,6.664000000000001
PR-xGU,2021-08-06 14:30:00,,,673.79,0.2773333333333334
PR-xGU,2021-08-14 21:30:00,,,32.52,6.308666666666666
PR-xGU,2021-10-01 16:30:00,176.169540626656,257.078472752092,790.79,2.562
PR-xGU,2021-10-09 13:30:00,90.8395045356266,160.476286632404,491.34,-4.733666666666667
